scheduling tests via LoadGroupScheduling

tests/auth/test_login.py::TestLogin::test_login_success[operate]
tests/operate/rfp_management/test_rfp_contract_price_status.py::TestRFPContractPriceStatus::test_RFP_contract_price_status_change[price_001]@contract_price_status
tests/operate/rfp_management/test_rfp_detailPage_project.py::TestRFPDetailPagePriceStatus::test_priceDetail_price_status_change[detail_price_001]@detail_page_price_status
tests/auth/test_login.py::TestLogin::test_login_success[hotel]
[gw2] PASSED tests/auth/test_login.py::TestLogin::test_login_success[operate]
tests/auth/test_login.py::TestLogin::test_login_success[hotelgroup]
[gw1] PASSED tests/operate/rfp_management/test_rfp_detailPage_project.py::TestRFPDetailPagePriceStatus::test_priceDetail_price_status_change[detail_price_001]@detail_page_price_status
tests/operate/rfp_management/test_rfp_detailPage_project.py::TestRFPDetailPagePriceStatus::test_priceDetail_price_status_change[detail_price_002]@detail_page_price_status
[gw3] PASSED tests/auth/test_login.py::TestLogin::test_login_success[hotel]
tests/e2e/test_cross_end_price_status_flow.py::TestCrossEndPriceStatusFlow::test_cross_end_price_status_flow[e2e_price_001]
[gw2] PASSED tests/auth/test_login.py::TestLogin::test_login_success[hotelgroup]
tests/hotel_group/contract_management/test_hotel_group_discount_price.py::TestHotelGroupDiscountPrice::test_hotel_group_discount_price_no_expired_toast[hotel_group_discount_001]
[gw2] PASSED tests/hotel_group/contract_management/test_hotel_group_discount_price.py::TestHotelGroupDiscountPrice::test_hotel_group_discount_price_no_expired_toast[hotel_group_discount_001]
tests/operate/rfp_management/test_edit_rfp_project_tabs.py::TestEditRFPProjectTabs::test_edit_rfp_project_all_tabs_save
[gw0] RERUN tests/operate/rfp_management/test_rfp_contract_price_status.py::TestRFPContractPriceStatus::test_RFP_contract_price_status_change[price_001]@contract_price_status
tests/operate/rfp_management/test_rfp_contract_price_status.py::TestRFPContractPriceStatus::test_RFP_contract_price_status_change[price_001]@contract_price_status
[gw1] RERUN tests/operate/rfp_management/test_rfp_detailPage_project.py::TestRFPDetailPagePriceStatus::test_priceDetail_price_status_change[detail_price_002]@detail_page_price_status
tests/operate/rfp_management/test_rfp_detailPage_project.py::TestRFPDetailPagePriceStatus::test_priceDetail_price_status_change[detail_price_002]@detail_page_price_status
[gw0] RERUN tests/operate/rfp_management/test_rfp_contract_price_status.py::TestRFPContractPriceStatus::test_RFP_contract_price_status_change[price_001]@contract_price_status
tests/operate/rfp_management/test_rfp_contract_price_status.py::TestRFPContractPriceStatus::test_RFP_contract_price_status_change[price_001]@contract_price_status
[gw1] RERUN tests/operate/rfp_management/test_rfp_detailPage_project.py::TestRFPDetailPagePriceStatus::test_priceDetail_price_status_change[detail_price_002]@detail_page_price_status
tests/operate/rfp_management/test_rfp_detailPage_project.py::TestRFPDetailPagePriceStatus::test_priceDetail_price_status_change[detail_price_002]@detail_page_price_status
[gw3] RERUN tests/e2e/test_cross_end_price_status_flow.py::TestCrossEndPriceStatusFlow::test_cross_end_price_status_flow[e2e_price_001]
tests/e2e/test_cross_end_price_status_flow.py::TestCrossEndPriceStatusFlow::test_cross_end_price_status_flow[e2e_price_001]
[gw0] RERUN tests/operate/rfp_management/test_rfp_contract_price_status.py::TestRFPContractPriceStatus::test_RFP_contract_price_status_change[price_001]@contract_price_status
tests/operate/rfp_management/test_rfp_contract_price_status.py::TestRFPContractPriceStatus::test_RFP_contract_price_status_change[price_001]@contract_price_status
[gw1] RERUN tests/operate/rfp_management/test_rfp_detailPage_project.py::TestRFPDetailPagePriceStatus::test_priceDetail_price_status_change[detail_price_002]@detail_page_price_status
tests/operate/rfp_management/test_rfp_detailPage_project.py::TestRFPDetailPagePriceStatus::test_priceDetail_price_status_change[detail_price_002]@detail_page_price_status
[gw0] FAILED tests/operate/rfp_management/test_rfp_contract_price_status.py::TestRFPContractPriceStatus::test_RFP_contract_price_status_change[price_001]@contract_price_status
tests/operate/rfp_management/test_rfp_contract_price_status.py::TestRFPContractPriceStatus::test_RFP_contract_price_status_change[price_002]@contract_price_status
[gw1] FAILED tests/operate/rfp_management/test_rfp_detailPage_project.py::TestRFPDetailPagePriceStatus::test_priceDetail_price_status_change[detail_price_002]@detail_page_price_status
tests/operate/rfp_management/test_rfp_detailPage_project.py::TestRFPDetailPagePriceStatus::test_priceDetail_price_status_change[detail_price_003]@detail_page_price_status
[gw2] PASSED tests/operate/rfp_management/test_edit_rfp_project_tabs.py::TestEditRFPProjectTabs::test_edit_rfp_project_all_tabs_save
tests/operate/rfp_management/test_edit_rfp_project_tabs.py::TestEditRFPProjectTabs::test_verify_start_project_confirmation_popup
[gw3] RERUN tests/e2e/test_cross_end_price_status_flow.py::TestCrossEndPriceStatusFlow::test_cross_end_price_status_flow[e2e_price_001]
tests/e2e/test_cross_end_price_status_flow.py::TestCrossEndPriceStatusFlow::test_cross_end_price_status_flow[e2e_price_001]
[gw2] PASSED tests/operate/rfp_management/test_edit_rfp_project_tabs.py::TestEditRFPProjectTabs::test_verify_start_project_confirmation_popup
tests/operate/rfp_management/test_edit_rfp_project_tabs.py::TestEditRFPProjectTabs::test_export_hotel_list_includes_hotel_id[test_data0]
[gw1] PASSED tests/operate/rfp_management/test_rfp_detailPage_project.py::TestRFPDetailPagePriceStatus::test_priceDetail_price_status_change[detail_price_003]@detail_page_price_status
tests/operate/rfp_management/test_rfp_detailPage_project.py::TestRFPDetailPagePriceStatus::test_priceDetail_price_status_change[detail_price_004]@detail_page_price_status
[gw0] RERUN tests/operate/rfp_management/test_rfp_contract_price_status.py::TestRFPContractPriceStatus::test_RFP_contract_price_status_change[price_002]@contract_price_status
tests/operate/rfp_management/test_rfp_contract_price_status.py::TestRFPContractPriceStatus::test_RFP_contract_price_status_change[price_002]@contract_price_status
[gw2] PASSED tests/operate/rfp_management/test_edit_rfp_project_tabs.py::TestEditRFPProjectTabs::test_export_hotel_list_includes_hotel_id[test_data0]
tests/operate/rfp_management/test_edit_rfp_project_tabs.py::TestEditRFPProjectTabs::test_export_hotel_list_includes_hotel_id[test_data1]
[gw2] PASSED tests/operate/rfp_management/test_edit_rfp_project_tabs.py::TestEditRFPProjectTabs::test_export_hotel_list_includes_hotel_id[test_data1]
tests/operate/rfp_management/test_edit_rfp_project_tabs.py::TestEditRFPProjectTabs::test_invite_hotel_group_filter_label[test_data0]
[gw1] RERUN tests/operate/rfp_management/test_rfp_detailPage_project.py::TestRFPDetailPagePriceStatus::test_priceDetail_price_status_change[detail_price_004]@detail_page_price_status
tests/operate/rfp_management/test_rfp_detailPage_project.py::TestRFPDetailPagePriceStatus::test_priceDetail_price_status_change[detail_price_004]@detail_page_price_status
[gw2] PASSED tests/operate/rfp_management/test_edit_rfp_project_tabs.py::TestEditRFPProjectTabs::test_invite_hotel_group_filter_label[test_data0]
tests/operate/rfp_management/test_edit_rfp_project_tabs.py::TestEditRFPProjectTabs::test_invite_hotel_group_exact_search[test_data0]
[gw0] RERUN tests/operate/rfp_management/test_rfp_contract_price_status.py::TestRFPContractPriceStatus::test_RFP_contract_price_status_change[price_002]@contract_price_status
tests/operate/rfp_management/test_rfp_contract_price_status.py::TestRFPContractPriceStatus::test_RFP_contract_price_status_change[price_002]@contract_price_status
[gw2] PASSED tests/operate/rfp_management/test_edit_rfp_project_tabs.py::TestEditRFPProjectTabs::test_invite_hotel_group_exact_search[test_data0]
tests/operate/rfp_management/test_rfp_contract_list.py::TestRFPContractList::test_navigate_to_contracting_from_menu
[gw1] RERUN tests/operate/rfp_management/test_rfp_detailPage_project.py::TestRFPDetailPagePriceStatus::test_priceDetail_price_status_change[detail_price_004]@detail_page_price_status
tests/operate/rfp_management/test_rfp_detailPage_project.py::TestRFPDetailPagePriceStatus::test_priceDetail_price_status_change[detail_price_004]@detail_page_price_status
[gw0] RERUN tests/operate/rfp_management/test_rfp_contract_price_status.py::TestRFPContractPriceStatus::test_RFP_contract_price_status_change[price_002]@contract_price_status
tests/operate/rfp_management/test_rfp_contract_price_status.py::TestRFPContractPriceStatus::test_RFP_contract_price_status_change[price_002]@contract_price_status
[gw2] PASSED tests/operate/rfp_management/test_rfp_contract_list.py::TestRFPContractList::test_navigate_to_contracting_from_menu
tests/operate/rfp_management/test_rfp_contract_list.py::TestRFPContractList::test_default_show_unstarted_projects
[gw3] RERUN tests/e2e/test_cross_end_price_status_flow.py::TestCrossEndPriceStatusFlow::test_cross_end_price_status_flow[e2e_price_001]
tests/e2e/test_cross_end_price_status_flow.py::TestCrossEndPriceStatusFlow::test_cross_end_price_status_flow[e2e_price_001]
[gw2] PASSED tests/operate/rfp_management/test_rfp_contract_list.py::TestRFPContractList::test_default_show_unstarted_projects
tests/operate/rfp_management/test_rfp_contract_list.py::TestRFPContractList::test_switch_to_completed_tab
[gw2] PASSED tests/operate/rfp_management/test_rfp_contract_list.py::TestRFPContractList::test_switch_to_completed_tab
tests/operate/rfp_management/test_rfp_contract_list.py::TestRFPContractList::test_filter_persists_after_tab_switch[case_data0]
[gw2] PASSED tests/operate/rfp_management/test_rfp_contract_list.py::TestRFPContractList::test_filter_persists_after_tab_switch[case_data0]
tests/operate/rfp_management/test_rfp_contract_list.py::TestRFPContractList::test_filter_by_org_name[case_data0]
[gw0] FAILED tests/operate/rfp_management/test_rfp_contract_price_status.py::TestRFPContractPriceStatus::test_RFP_contract_price_status_change[price_002]@contract_price_status
tests/operate/rfp_management/test_rfp_contract_price_status.py::TestRFPContractPriceStatus::test_RFP_contract_price_status_change[price_003]@contract_price_status
[gw2] RERUN tests/operate/rfp_management/test_rfp_contract_list.py::TestRFPContractList::test_filter_by_org_name[case_data0]
tests/operate/rfp_management/test_rfp_contract_list.py::TestRFPContractList::test_filter_by_org_name[case_data0]
[gw1] RERUN tests/operate/rfp_management/test_rfp_detailPage_project.py::TestRFPDetailPagePriceStatus::test_priceDetail_price_status_change[detail_price_004]@detail_page_price_status
tests/operate/rfp_management/test_rfp_detailPage_project.py::TestRFPDetailPagePriceStatus::test_priceDetail_price_status_change[detail_price_004]@detail_page_price_status
[gw2] RERUN tests/operate/rfp_management/test_rfp_contract_list.py::TestRFPContractList::test_filter_by_org_name[case_data0]
tests/operate/rfp_management/test_rfp_contract_list.py::TestRFPContractList::test_filter_by_org_name[case_data0]
[gw0] RERUN tests/operate/rfp_management/test_rfp_contract_price_status.py::TestRFPContractPriceStatus::test_RFP_contract_price_status_change[price_003]@contract_price_status
tests/operate/rfp_management/test_rfp_contract_price_status.py::TestRFPContractPriceStatus::test_RFP_contract_price_status_change[price_003]@contract_price_status
[gw1] FAILED tests/operate/rfp_management/test_rfp_detailPage_project.py::TestRFPDetailPagePriceStatus::test_priceDetail_price_status_change[detail_price_004]@detail_page_price_status
tests/operate/rfp_management/test_rfp_detailPage_project.py::TestRFPDetailPagePriceStatus::test_priceDetail_price_status_change[detail_price_005]@detail_page_price_status
[gw3] FAILED tests/e2e/test_cross_end_price_status_flow.py::TestCrossEndPriceStatusFlow::test_cross_end_price_status_flow[e2e_price_001]
tests/operate/rfp_management/test_create_rfp_project.py::TestCreateRFPProject::test_create_rfp_project[project_data0]
[gw0] PASSED tests/operate/rfp_management/test_rfp_contract_price_status.py::TestRFPContractPriceStatus::test_RFP_contract_price_status_change[price_003]@contract_price_status
tests/operate/rfp_management/test_rfp_contract_price_status.py::TestRFPContractPriceStatus::test_RFP_contract_price_status_change[price_004]@contract_price_status
[gw2] RERUN tests/operate/rfp_management/test_rfp_contract_list.py::TestRFPContractList::test_filter_by_org_name[case_data0]
tests/operate/rfp_management/test_rfp_contract_list.py::TestRFPContractList::test_filter_by_org_name[case_data0]
[gw1] PASSED tests/operate/rfp_management/test_rfp_detailPage_project.py::TestRFPDetailPagePriceStatus::test_priceDetail_price_status_change[detail_price_005]@detail_page_price_status
tests/operate/rfp_management/test_rfp_detailPage_project.py::TestRFPDetailPagePriceStatus::test_priceDetail_price_status_change[detail_price_006]@detail_page_price_status
[gw2] FAILED tests/operate/rfp_management/test_rfp_contract_list.py::TestRFPContractList::test_filter_by_org_name[case_data0]
tests/operate/rfp_management/test_rfp_contract_list.py::TestRFPContractList::test_filter_by_project_name[case_data0]
[gw1] PASSED tests/operate/rfp_management/test_rfp_detailPage_project.py::TestRFPDetailPagePriceStatus::test_priceDetail_price_status_change[detail_price_006]@detail_page_price_status
tests/operate/rfp_management/test_rfp_detailPage_project.py::TestRFPDetailPagePriceStatus::test_priceDetail_price_status_change[detail_price_007]@detail_page_price_status
[gw0] RERUN tests/operate/rfp_management/test_rfp_contract_price_status.py::TestRFPContractPriceStatus::test_RFP_contract_price_status_change[price_004]@contract_price_status
tests/operate/rfp_management/test_rfp_contract_price_status.py::TestRFPContractPriceStatus::test_RFP_contract_price_status_change[price_004]@contract_price_status
[gw3] PASSED tests/operate/rfp_management/test_create_rfp_project.py::TestCreateRFPProject::test_create_rfp_project[project_data0]
tests/operate/rfp_management/test_rfp_contract_list.py::TestRFPContractList::test_filter_by_creator[case_data0]
[gw2] RERUN tests/operate/rfp_management/test_rfp_contract_list.py::TestRFPContractList::test_filter_by_project_name[case_data0]
tests/operate/rfp_management/test_rfp_contract_list.py::TestRFPContractList::test_filter_by_project_name[case_data0]
[gw3] PASSED tests/operate/rfp_management/test_rfp_contract_list.py::TestRFPContractList::test_filter_by_creator[case_data0]
tests/operate/rfp_management/test_rfp_contract_list.py::TestRFPContractList::test_search_no_results[case_data0]
[gw3] PASSED tests/operate/rfp_management/test_rfp_contract_list.py::TestRFPContractList::test_search_no_results[case_data0]
tests/operate/rfp_management/test_rfp_contract_list.py::TestRFPContractList::test_reset_filter[case_data0]
[gw1] RERUN tests/operate/rfp_management/test_rfp_detailPage_project.py::TestRFPDetailPagePriceStatus::test_priceDetail_price_status_change[detail_price_007]@detail_page_price_status
tests/operate/rfp_management/test_rfp_detailPage_project.py::TestRFPDetailPagePriceStatus::test_priceDetail_price_status_change[detail_price_007]@detail_page_price_status
[gw2] RERUN tests/operate/rfp_management/test_rfp_contract_list.py::TestRFPContractList::test_filter_by_project_name[case_data0]
tests/operate/rfp_management/test_rfp_contract_list.py::TestRFPContractList::test_filter_by_project_name[case_data0]
[gw0] RERUN tests/operate/rfp_management/test_rfp_contract_price_status.py::TestRFPContractPriceStatus::test_RFP_contract_price_status_change[price_004]@contract_price_status
tests/operate/rfp_management/test_rfp_contract_price_status.py::TestRFPContractPriceStatus::test_RFP_contract_price_status_change[price_004]@contract_price_status
[gw3] PASSED tests/operate/rfp_management/test_rfp_contract_list.py::TestRFPContractList::test_reset_filter[case_data0]
tests/operate/rfp_management/test_rfp_contract_list.py::TestRFPContractList::test_verify_unstarted_list_fields
[gw3] PASSED tests/operate/rfp_management/test_rfp_contract_list.py::TestRFPContractList::test_verify_unstarted_list_fields
tests/operate/rfp_management/test_rfp_contract_list.py::TestRFPContractList::test_verify_started_list_fields
[gw3] PASSED tests/operate/rfp_management/test_rfp_contract_list.py::TestRFPContractList::test_verify_started_list_fields
tests/operate/rfp_management/test_rfp_contract_list.py::TestRFPContractList::test_verify_pagination
[gw3] PASSED tests/operate/rfp_management/test_rfp_contract_list.py::TestRFPContractList::test_verify_pagination
tests/operate/rfp_management/test_rfp_contract_list.py::TestRFPContractList::test_start_and_stop_project
[gw2] RERUN tests/operate/rfp_management/test_rfp_contract_list.py::TestRFPContractList::test_filter_by_project_name[case_data0]
tests/operate/rfp_management/test_rfp_contract_list.py::TestRFPContractList::test_filter_by_project_name[case_data0]
[gw0] RERUN tests/operate/rfp_management/test_rfp_contract_price_status.py::TestRFPContractPriceStatus::test_RFP_contract_price_status_change[price_004]@contract_price_status
tests/operate/rfp_management/test_rfp_contract_price_status.py::TestRFPContractPriceStatus::test_RFP_contract_price_status_change[price_004]@contract_price_status
[gw1] RERUN tests/operate/rfp_management/test_rfp_detailPage_project.py::TestRFPDetailPagePriceStatus::test_priceDetail_price_status_change[detail_price_007]@detail_page_price_status
tests/operate/rfp_management/test_rfp_detailPage_project.py::TestRFPDetailPagePriceStatus::test_priceDetail_price_status_change[detail_price_007]@detail_page_price_status
[gw2] FAILED tests/operate/rfp_management/test_rfp_contract_list.py::TestRFPContractList::test_filter_by_project_name[case_data0]
tests/operate/rfp_management/test_rfp_contract_list.py::TestRFPContractList::test_combined_filter[case_data0]
[gw0] FAILED tests/operate/rfp_management/test_rfp_contract_price_status.py::TestRFPContractPriceStatus::test_RFP_contract_price_status_change[price_004]@contract_price_status
tests/operate/rfp_management/test_rfp_contract_price_status.py::TestRFPContractPriceStatus::test_RFP_contract_price_status_change[price_005]@contract_price_status
[gw2] RERUN tests/operate/rfp_management/test_rfp_contract_list.py::TestRFPContractList::test_combined_filter[case_data0]
tests/operate/rfp_management/test_rfp_contract_list.py::TestRFPContractList::test_combined_filter[case_data0]
[gw3] RERUN tests/operate/rfp_management/test_rfp_contract_list.py::TestRFPContractList::test_start_and_stop_project
tests/operate/rfp_management/test_rfp_contract_list.py::TestRFPContractList::test_start_and_stop_project
[gw1] RERUN tests/operate/rfp_management/test_rfp_detailPage_project.py::TestRFPDetailPagePriceStatus::test_priceDetail_price_status_change[detail_price_007]@detail_page_price_status
tests/operate/rfp_management/test_rfp_detailPage_project.py::TestRFPDetailPagePriceStatus::test_priceDetail_price_status_change[detail_price_007]@detail_page_price_status
[gw3] RERUN tests/operate/rfp_management/test_rfp_contract_list.py::TestRFPContractList::test_start_and_stop_project
tests/operate/rfp_management/test_rfp_contract_list.py::TestRFPContractList::test_start_and_stop_project
[gw3] RERUN tests/operate/rfp_management/test_rfp_contract_list.py::TestRFPContractList::test_start_and_stop_project
tests/operate/rfp_management/test_rfp_contract_list.py::TestRFPContractList::test_start_and_stop_project
[gw0] PASSED tests/operate/rfp_management/test_rfp_contract_price_status.py::TestRFPContractPriceStatus::test_RFP_contract_price_status_change[price_005]@contract_price_status
tests/operate/rfp_management/test_rfp_contract_price_status.py::TestRFPContractPriceStatus::test_RFP_contract_price_status_change[price_006]@contract_price_status
[gw3] FAILED tests/operate/rfp_management/test_rfp_contract_list.py::TestRFPContractList::test_start_and_stop_project
tests/operate/rfp_management/test_rfp_contract_list.py::TestRFPContractList::test_void_project
[gw2] RERUN tests/operate/rfp_management/test_rfp_contract_list.py::TestRFPContractList::test_combined_filter[case_data0]
tests/operate/rfp_management/test_rfp_contract_list.py::TestRFPContractList::test_combined_filter[case_data0]
[gw3] RERUN tests/operate/rfp_management/test_rfp_contract_list.py::TestRFPContractList::test_void_project
tests/operate/rfp_management/test_rfp_contract_list.py::TestRFPContractList::test_void_project
[gw3] RERUN tests/operate/rfp_management/test_rfp_contract_list.py::TestRFPContractList::test_void_project
tests/operate/rfp_management/test_rfp_contract_list.py::TestRFPContractList::test_void_project
[gw1] FAILED tests/operate/rfp_management/test_rfp_detailPage_project.py::TestRFPDetailPagePriceStatus::test_priceDetail_price_status_change[detail_price_007]@detail_page_price_status
tests/operate/rfp_management/test_rfp_detailPage_project.py::TestRFPDetailPagePriceStatus::test_priceDetail_price_status_change[detail_price_008]@detail_page_price_status
[gw2] RERUN tests/operate/rfp_management/test_rfp_contract_list.py::TestRFPContractList::test_combined_filter[case_data0]
tests/operate/rfp_management/test_rfp_contract_list.py::TestRFPContractList::test_combined_filter[case_data0]
[gw3] RERUN tests/operate/rfp_management/test_rfp_contract_list.py::TestRFPContractList::test_void_project
tests/operate/rfp_management/test_rfp_contract_list.py::TestRFPContractList::test_void_project
[gw3] FAILED tests/operate/rfp_management/test_rfp_contract_list.py::TestRFPContractList::test_void_project
tests/operate/rfp_management/test_rfp_contract_price_status.py::TestRFPContractPriceStatus::test_RFP_startAction_signing2jump[price_000]
[gw0] RERUN tests/operate/rfp_management/test_rfp_contract_price_status.py::TestRFPContractPriceStatus::test_RFP_contract_price_status_change[price_006]@contract_price_status
tests/operate/rfp_management/test_rfp_contract_price_status.py::TestRFPContractPriceStatus::test_RFP_contract_price_status_change[price_006]@contract_price_status
[gw1] PASSED tests/operate/rfp_management/test_rfp_detailPage_project.py::TestRFPDetailPagePriceStatus::test_priceDetail_price_status_change[detail_price_008]@detail_page_price_status
tests/operate/rfp_management/test_rfp_detailPage_project.py::TestRFPDetailPagePriceStatus::test_priceDetail_price_status_change[detail_price_009]@detail_page_price_status
[gw2] FAILED tests/operate/rfp_management/test_rfp_contract_list.py::TestRFPContractList::test_combined_filter[case_data0]
tests/operate/rfp_management/test_rfp_contract_list.py::TestRFPContractList::test_void_project_cancel[case_data0]
[gw3] PASSED tests/operate/rfp_management/test_rfp_contract_price_status.py::TestRFPContractPriceStatus::test_RFP_startAction_signing2jump[price_000]
tests/operate/rfp_management/test_rfp_detailPage_project.py::TestRFPDetailPageProject::test_add_internal_follow_up_remark[detail_001]
[gw0] RERUN tests/operate/rfp_management/test_rfp_contract_price_status.py::TestRFPContractPriceStatus::test_RFP_contract_price_status_change[price_006]@contract_price_status
tests/operate/rfp_management/test_rfp_contract_price_status.py::TestRFPContractPriceStatus::test_RFP_contract_price_status_change[price_006]@contract_price_status
[gw1] PASSED tests/operate/rfp_management/test_rfp_detailPage_project.py::TestRFPDetailPagePriceStatus::test_priceDetail_price_status_change[detail_price_009]@detail_page_price_status
tests/operate/rfp_management/test_rfp_detailPage_project.py::TestRFPDetailPagePriceStatus::test_priceDetail_price_status_change[detail_price_010]@detail_page_price_status
[gw2] RERUN tests/operate/rfp_management/test_rfp_contract_list.py::TestRFPContractList::test_void_project_cancel[case_data0]
tests/operate/rfp_management/test_rfp_contract_list.py::TestRFPContractList::test_void_project_cancel[case_data0]
[gw3] PASSED tests/operate/rfp_management/test_rfp_detailPage_project.py::TestRFPDetailPageProject::test_add_internal_follow_up_remark[detail_001]
tests/operate/rfp_management/test_rfp_detailPage_project.py::TestRFPDetailPagePriceStatus::test_priceDetail_startAction_priceDetail2jump[detail_price_000]
[gw2] RERUN tests/operate/rfp_management/test_rfp_contract_list.py::TestRFPContractList::test_void_project_cancel[case_data0]
tests/operate/rfp_management/test_rfp_contract_list.py::TestRFPContractList::test_void_project_cancel[case_data0]
[gw0] RERUN tests/operate/rfp_management/test_rfp_contract_price_status.py::TestRFPContractPriceStatus::test_RFP_contract_price_status_change[price_006]@contract_price_status
tests/operate/rfp_management/test_rfp_contract_price_status.py::TestRFPContractPriceStatus::test_RFP_contract_price_status_change[price_006]@contract_price_status
[gw1] RERUN tests/operate/rfp_management/test_rfp_detailPage_project.py::TestRFPDetailPagePriceStatus::test_priceDetail_price_status_change[detail_price_010]@detail_page_price_status
tests/operate/rfp_management/test_rfp_detailPage_project.py::TestRFPDetailPagePriceStatus::test_priceDetail_price_status_change[detail_price_010]@detail_page_price_status
[gw2] RERUN tests/operate/rfp_management/test_rfp_contract_list.py::TestRFPContractList::test_void_project_cancel[case_data0]
tests/operate/rfp_management/test_rfp_contract_list.py::TestRFPContractList::test_void_project_cancel[case_data0]
[gw3] PASSED tests/operate/rfp_management/test_rfp_detailPage_project.py::TestRFPDetailPagePriceStatus::test_priceDetail_startAction_priceDetail2jump[detail_price_000]
[gw0] FAILED tests/operate/rfp_management/test_rfp_contract_price_status.py::TestRFPContractPriceStatus::test_RFP_contract_price_status_change[price_006]@contract_price_status
tests/operate/rfp_management/test_rfp_contract_price_status.py::TestRFPContractPriceStatus::test_RFP_contract_price_status_change[price_007]@contract_price_status
[gw2] FAILED tests/operate/rfp_management/test_rfp_contract_list.py::TestRFPContractList::test_void_project_cancel[case_data0]
tests/operate/rfp_management/test_rfp_detailPage_project.py::TestRFPDetailPageProject::test_verify_internal_remark_expand_collapse[detail_002]
[gw1] RERUN tests/operate/rfp_management/test_rfp_detailPage_project.py::TestRFPDetailPagePriceStatus::test_priceDetail_price_status_change[detail_price_010]@detail_page_price_status
tests/operate/rfp_management/test_rfp_detailPage_project.py::TestRFPDetailPagePriceStatus::test_priceDetail_price_status_change[detail_price_010]@detail_page_price_status
[gw2] PASSED tests/operate/rfp_management/test_rfp_detailPage_project.py::TestRFPDetailPageProject::test_verify_internal_remark_expand_collapse[detail_002]
[gw0] RERUN tests/operate/rfp_management/test_rfp_contract_price_status.py::TestRFPContractPriceStatus::test_RFP_contract_price_status_change[price_007]@contract_price_status
tests/operate/rfp_management/test_rfp_contract_price_status.py::TestRFPContractPriceStatus::test_RFP_contract_price_status_change[price_007]@contract_price_status
[gw1] RERUN tests/operate/rfp_management/test_rfp_detailPage_project.py::TestRFPDetailPagePriceStatus::test_priceDetail_price_status_change[detail_price_010]@detail_page_price_status
tests/operate/rfp_management/test_rfp_detailPage_project.py::TestRFPDetailPagePriceStatus::test_priceDetail_price_status_change[detail_price_010]@detail_page_price_status
[gw0] RERUN tests/operate/rfp_management/test_rfp_contract_price_status.py::TestRFPContractPriceStatus::test_RFP_contract_price_status_change[price_007]@contract_price_status
tests/operate/rfp_management/test_rfp_contract_price_status.py::TestRFPContractPriceStatus::test_RFP_contract_price_status_change[price_007]@contract_price_status
[gw1] FAILED tests/operate/rfp_management/test_rfp_detailPage_project.py::TestRFPDetailPagePriceStatus::test_priceDetail_price_status_change[detail_price_010]@detail_page_price_status
tests/operate/rfp_management/test_rfp_detailPage_project.py::TestRFPDetailPagePriceStatus::test_priceDetail_price_status_change[detail_price_011]@detail_page_price_status
[gw0] RERUN tests/operate/rfp_management/test_rfp_contract_price_status.py::TestRFPContractPriceStatus::test_RFP_contract_price_status_change[price_007]@contract_price_status
tests/operate/rfp_management/test_rfp_contract_price_status.py::TestRFPContractPriceStatus::test_RFP_contract_price_status_change[price_007]@contract_price_status
[gw1] PASSED tests/operate/rfp_management/test_rfp_detailPage_project.py::TestRFPDetailPagePriceStatus::test_priceDetail_price_status_change[detail_price_011]@detail_page_price_status
[gw0] FAILED tests/operate/rfp_management/test_rfp_contract_price_status.py::TestRFPContractPriceStatus::test_RFP_contract_price_status_change[price_007]@contract_price_status
tests/operate/rfp_management/test_rfp_contract_price_status.py::TestRFPContractPriceStatus::test_RFP_contract_price_status_change[price_008]@contract_price_status
[gw0] PASSED tests/operate/rfp_management/test_rfp_contract_price_status.py::TestRFPContractPriceStatus::test_RFP_contract_price_status_change[price_008]@contract_price_status
tests/operate/rfp_management/test_rfp_contract_price_status.py::TestRFPContractPriceStatus::test_RFP_contract_price_status_change[price_009]@contract_price_status
[gw0] RERUN tests/operate/rfp_management/test_rfp_contract_price_status.py::TestRFPContractPriceStatus::test_RFP_contract_price_status_change[price_009]@contract_price_status
tests/operate/rfp_management/test_rfp_contract_price_status.py::TestRFPContractPriceStatus::test_RFP_contract_price_status_change[price_009]@contract_price_status
[gw0] RERUN tests/operate/rfp_management/test_rfp_contract_price_status.py::TestRFPContractPriceStatus::test_RFP_contract_price_status_change[price_009]@contract_price_status
tests/operate/rfp_management/test_rfp_contract_price_status.py::TestRFPContractPriceStatus::test_RFP_contract_price_status_change[price_009]@contract_price_status
[gw0] RERUN tests/operate/rfp_management/test_rfp_contract_price_status.py::TestRFPContractPriceStatus::test_RFP_contract_price_status_change[price_009]@contract_price_status
tests/operate/rfp_management/test_rfp_contract_price_status.py::TestRFPContractPriceStatus::test_RFP_contract_price_status_change[price_009]@contract_price_status
[gw0] FAILED tests/operate/rfp_management/test_rfp_contract_price_status.py::TestRFPContractPriceStatus::test_RFP_contract_price_status_change[price_009]@contract_price_status
tests/operate/rfp_management/test_rfp_contract_price_status.py::TestRFPContractPriceStatus::test_RFP_contract_price_status_change[price_010]@contract_price_status
[gw0] RERUN tests/operate/rfp_management/test_rfp_contract_price_status.py::TestRFPContractPriceStatus::test_RFP_contract_price_status_change[price_010]@contract_price_status
tests/operate/rfp_management/test_rfp_contract_price_status.py::TestRFPContractPriceStatus::test_RFP_contract_price_status_change[price_010]@contract_price_status
[gw0] RERUN tests/operate/rfp_management/test_rfp_contract_price_status.py::TestRFPContractPriceStatus::test_RFP_contract_price_status_change[price_010]@contract_price_status
tests/operate/rfp_management/test_rfp_contract_price_status.py::TestRFPContractPriceStatus::test_RFP_contract_price_status_change[price_010]@contract_price_status
[gw0] RERUN tests/operate/rfp_management/test_rfp_contract_price_status.py::TestRFPContractPriceStatus::test_RFP_contract_price_status_change[price_010]@contract_price_status
tests/operate/rfp_management/test_rfp_contract_price_status.py::TestRFPContractPriceStatus::test_RFP_contract_price_status_change[price_010]@contract_price_status
[gw0] FAILED tests/operate/rfp_management/test_rfp_contract_price_status.py::TestRFPContractPriceStatus::test_RFP_contract_price_status_change[price_010]@contract_price_status
tests/operate/rfp_management/test_rfp_contract_price_status.py::TestRFPContractPriceStatus::test_RFP_contract_price_status_change[price_011]@contract_price_status
[gw0] PASSED tests/operate/rfp_management/test_rfp_contract_price_status.py::TestRFPContractPriceStatus::test_RFP_contract_price_status_change[price_011]@contract_price_status 2026-07-20 11:08:16 [conftest] [INFO] ================================================================================

--------------------------- live log sessionfinish ----------------------------
2026-07-20 11:08:16 [    INFO] ================================================================================
2026-07-20 11:08:16 [conftest] [INFO] RFP UI Test Suite Finished
2026-07-20 11:08:16 [    INFO] RFP UI Test Suite Finished
2026-07-20 11:08:16 [conftest] [INFO] Exit Status: 1
2026-07-20 11:08:16 [    INFO] Exit Status: 1
2026-07-20 11:08:16 [conftest] [INFO] ================================================================================
2026-07-20 11:08:16 [    INFO] ================================================================================


================================== FAILURES ===================================
_ TestRFPContractPriceStatus.test_RFP_contract_price_status_change[price_001] _
[gw0] win32 -- Python 3.12.0 D:\work_dev\RFP-NEW\rfp-ui-test\.venv\Scripts\python.exe
tests\operate\rfp_management\test_rfp_contract_price_status.py:209: in test_RFP_contract_price_status_change
    await map_page.click_first_hotel()
pages\operate\rfp_management\rfp_contract_map_page.py:298: in click_first_hotel
    await first_hotel.wait_for(
.venv\Lib\site-packages\playwright\async_api\_generated.py:18191: in wait_for
    await self._impl_obj.wait_for(timeout=timeout, state=state)
.venv\Lib\site-packages\playwright\_impl\_locator.py:670: in wait_for
    await self._frame.wait_for_selector(
.venv\Lib\site-packages\playwright\_impl\_frame.py:317: in wait_for_selector
    await self._channel.send("waitForSelector", locals_to_params(locals()))
.venv\Lib\site-packages\playwright\_impl\_connection.py:62: in send
    return await self._connection.wrap_api_call(
.venv\Lib\site-packages\playwright\_impl\_connection.py:492: in wrap_api_call
    return await cb()
.venv\Lib\site-packages\playwright\_impl\_connection.py:100: in inner_send
    result = next(iter(done)).result()
E   playwright._impl._errors.TimeoutError: Timeout 5000ms exceeded.
----------------------------- Captured log setup ------------------------------
INFO     conftest:conftest.py:60 Creating browser fixture
INFO     conftest:conftest.py:47 Initializing Playwright
INFO     conftest:conftest.py:49 Starting browser
INFO     conftest:conftest.py:57 Browser launched (channel=chrome) - Headless: True, SlowMo: 100ms
INFO     tests.operate.rfp_management.conftest:conftest.py:31 Creating module-level page for login state reuse
INFO     tests.operate.rfp_management.conftest:conftest.py:37 Module-level page created - ready for shared login state
INFO     tests.operate.rfp_management.conftest:conftest.py:70 Setting up operate user fixture [SCOPE: module] - performing login ONCE for all parametrized tests
INFO     tests.operate.rfp_management.conftest:conftest.py:75 Loading operate account: 18390471001
INFO     LoginPage:login_page.py:59 Logging in with mobile: 18390471001
INFO     LoginPage:login_page.py:29 Login URL: https://testenv.fangcang.com/RFP/login.html#/login
WARNING  LoginPage:login_page.py:51 导航登录页失败(第1次): Timeout 5000ms exceeded., 7.9秒后重试...
INFO     LoginPage:login_page.py:39 Server responded, waiting for form elements...
INFO     LoginPage:login_page.py:45 Login form elements rendered successfully
INFO     LoginPage:base_page.py:53 Filling input[placeholder="请输入手机号"] with 18390471001
INFO     LoginPage:base_page.py:53 Filling input[type="password"] with 666666
INFO     LoginPage:login_page.py:69 Clicking login button
INFO     LoginPage:base_page.py:58 Clicking button:has-text("登录")
INFO     LoginPage:login_page.py:81 Login successful. Current URL: https://testenv.fangcang.com/RFP/operate.html#/home?title=%E5%B7%A5%E4%BD%9C%E5%8F%B0
INFO     tests.operate.rfp_management.conftest:conftest.py:86 Operate user login successful (ONE-TIME for all tests in module)
INFO     tests.operate.rfp_management.conftest:conftest.py:87    URL: https://testenv.fangcang.com/RFP/operate.html#/home?title=%E5%B7%A5%E4%BD%9C%E5%8F%B0
INFO     tests.operate.rfp_management.conftest:conftest.py:88    Tip:All parametrized test cases will reuse this login state
INFO     tests.operate.rfp_management.conftest:conftest.py:121 Resetting page to /home - ensuring consistent test state
INFO     tests.operate.rfp_management.conftest:conftest.py:128 Navigating to home page: https://testenv.fangcang.com/RFP/operate.html#/home
INFO     tests.operate.rfp_management.conftest:conftest.py:130 Page reset to /home - ready for test execution
------------------------------ Captured log call ------------------------------
INFO     tests.operate.rfp_management.test_rfp_contract_price_status:test_rfp_contract_price_status.py:159 Starting price status change test, case: price_001, project: 自动化测试项目-价格变换, 新标 → 议价中
INFO     RFPContractMapPage:rfp_contract_map_page.py:72 开始进入 /home 页面
INFO     RFPContractMapPage:base_page.py:24 Navigating to https://testenv.fangcang.com/RFP/operate.html#/home
INFO     RFPContractMapPage:rfp_contract_map_page.py:83 [OK] 已进入 /home 页面
INFO     RFPContractMapPage:rfp_contract_map_page.py:92 开始进入签约页面
INFO     RFPContractMapPage:rfp_contract_map_page.py:117 [OK] 已进入签约页面
INFO     RFPContractMapPage:rfp_contract_map_page.py:126 开始点击已启动 Tab
INFO     RFPContractMapPage:rfp_contract_map_page.py:138 [OK] 已点击已启动 Tab
INFO     RFPContractMapPage:rfp_contract_map_page.py:147 开始搜索项目: 自动化测试项目-价格变换
INFO     RFPContractMapPage:rfp_contract_map_page.py:172 [OK] 项目搜索完成: 自动化测试项目-价格变换
INFO     RFPContractMapPage:rfp_contract_map_page.py:181 开始点击首个去签约按钮
INFO     RFPContractMapPage:rfp_contract_map_page.py:193 [OK] 已点击去签约按钮
INFO     utils.excel_utils:excel_utils.py:59 签约状态导入文件已生成: D:\work_dev\RFP-NEW\rfp-ui-test\data\temp\RFP_import_signing_status_price_001.xlsx
INFO     RFPContractMapPage:rfp_contract_map_page.py:206 切换至列表签约
INFO     RFPContractMapPage:rfp_contract_map_page.py:216 [OK] 已切换至列表签约
INFO     RFPContractMapPage:rfp_contract_map_page.py:248 导入签约状态文件: D:\work_dev\RFP-NEW\rfp-ui-test\data\temp\RFP_import_signing_status_price_001.xlsx
INFO     RFPContractMapPage:rfp_contract_map_page.py:255 [OK] 签约状态文件已导入
INFO     RFPContractMapPage:rfp_contract_map_page.py:225 切换至地图签约
INFO     RFPContractMapPage:rfp_contract_map_page.py:235 [OK] 已切换至地图签约
INFO     RFPContractMapPage:rfp_contract_map_page.py:268 点击价格状态页签: 新标
INFO     RFPContractMapPage:rfp_contract_map_page.py:280 [OK] 已点击价格状态页签: 新标
INFO     RFPContractMapPage:rfp_contract_map_page.py:293 点击首个酒店
INFO     RFPContractMapPage:rfp_contract_map_page.py:303 [OK] 已点击首个酒店
INFO     RFPContractMapPage:rfp_contract_map_page.py:329 点击继续议价按钮
ERROR    RFPContractMapPage:rfp_contract_map_page.py:343 点击继续议价按钮失败: Timeout 5000ms exceeded.
---------------------------- Captured log teardown ----------------------------
INFO     tests.operate.rfp_management.conftest:conftest.py:136 Test completed - page state will be reset for next test
----------------------------- Captured log setup ------------------------------
INFO     tests.operate.rfp_management.conftest:conftest.py:121 Resetting page to /home - ensuring consistent test state
INFO     tests.operate.rfp_management.conftest:conftest.py:128 Navigating to home page: https://testenv.fangcang.com/RFP/operate.html#/home
INFO     tests.operate.rfp_management.conftest:conftest.py:130 Page reset to /home - ready for test execution
------------------------------ Captured log call ------------------------------
INFO     tests.operate.rfp_management.test_rfp_contract_price_status:test_rfp_contract_price_status.py:159 Starting price status change test, case: price_001, project: 自动化测试项目-价格变换, 新标 → 议价中
INFO     RFPContractMapPage:rfp_contract_map_page.py:72 开始进入 /home 页面
INFO     RFPContractMapPage:base_page.py:24 Navigating to https://testenv.fangcang.com/RFP/operate.html#/home
INFO     RFPContractMapPage:rfp_contract_map_page.py:83 [OK] 已进入 /home 页面
INFO     RFPContractMapPage:rfp_contract_map_page.py:92 开始进入签约页面
INFO     RFPContractMapPage:rfp_contract_map_page.py:117 [OK] 已进入签约页面
INFO     RFPContractMapPage:rfp_contract_map_page.py:126 开始点击已启动 Tab
INFO     RFPContractMapPage:rfp_contract_map_page.py:138 [OK] 已点击已启动 Tab
INFO     RFPContractMapPage:rfp_contract_map_page.py:147 开始搜索项目: 自动化测试项目-价格变换
INFO     RFPContractMapPage:rfp_contract_map_page.py:172 [OK] 项目搜索完成: 自动化测试项目-价格变换
INFO     RFPContractMapPage:rfp_contract_map_page.py:181 开始点击首个去签约按钮
INFO     RFPContractMapPage:rfp_contract_map_page.py:193 [OK] 已点击去签约按钮
INFO     utils.excel_utils:excel_utils.py:59 签约状态导入文件已生成: D:\work_dev\RFP-NEW\rfp-ui-test\data\temp\RFP_import_signing_status_price_001.xlsx
INFO     RFPContractMapPage:rfp_contract_map_page.py:206 切换至列表签约
INFO     RFPContractMapPage:rfp_contract_map_page.py:216 [OK] 已切换至列表签约
INFO     RFPContractMapPage:rfp_contract_map_page.py:248 导入签约状态文件: D:\work_dev\RFP-NEW\rfp-ui-test\data\temp\RFP_import_signing_status_price_001.xlsx
INFO     RFPContractMapPage:rfp_contract_map_page.py:255 [OK] 签约状态文件已导入
INFO     RFPContractMapPage:rfp_contract_map_page.py:225 切换至地图签约
INFO     RFPContractMapPage:rfp_contract_map_page.py:235 [OK] 已切换至地图签约
INFO     RFPContractMapPage:rfp_contract_map_page.py:268 点击价格状态页签: 新标
INFO     RFPContractMapPage:rfp_contract_map_page.py:280 [OK] 已点击价格状态页签: 新标
INFO     RFPContractMapPage:rfp_contract_map_page.py:293 点击首个酒店
INFO     RFPContractMapPage:rfp_contract_map_page.py:303 [OK] 已点击首个酒店
INFO     RFPContractMapPage:rfp_contract_map_page.py:329 点击继续议价按钮
ERROR    RFPContractMapPage:rfp_contract_map_page.py:343 点击继续议价按钮失败: Timeout 5000ms exceeded.
---------------------------- Captured log teardown ----------------------------
INFO     tests.operate.rfp_management.conftest:conftest.py:136 Test completed - page state will be reset for next test
----------------------------- Captured log setup ------------------------------
INFO     tests.operate.rfp_management.conftest:conftest.py:121 Resetting page to /home - ensuring consistent test state
INFO     tests.operate.rfp_management.conftest:conftest.py:128 Navigating to home page: https://testenv.fangcang.com/RFP/operate.html#/home
INFO     tests.operate.rfp_management.conftest:conftest.py:130 Page reset to /home - ready for test execution
------------------------------ Captured log call ------------------------------
INFO     tests.operate.rfp_management.test_rfp_contract_price_status:test_rfp_contract_price_status.py:159 Starting price status change test, case: price_001, project: 自动化测试项目-价格变换, 新标 → 议价中
INFO     RFPContractMapPage:rfp_contract_map_page.py:72 开始进入 /home 页面
INFO     RFPContractMapPage:base_page.py:24 Navigating to https://testenv.fangcang.com/RFP/operate.html#/home
INFO     RFPContractMapPage:rfp_contract_map_page.py:83 [OK] 已进入 /home 页面
INFO     RFPContractMapPage:rfp_contract_map_page.py:92 开始进入签约页面
INFO     RFPContractMapPage:rfp_contract_map_page.py:117 [OK] 已进入签约页面
INFO     RFPContractMapPage:rfp_contract_map_page.py:126 开始点击已启动 Tab
INFO     RFPContractMapPage:rfp_contract_map_page.py:138 [OK] 已点击已启动 Tab
INFO     RFPContractMapPage:rfp_contract_map_page.py:147 开始搜索项目: 自动化测试项目-价格变换
INFO     RFPContractMapPage:rfp_contract_map_page.py:172 [OK] 项目搜索完成: 自动化测试项目-价格变换
INFO     RFPContractMapPage:rfp_contract_map_page.py:181 开始点击首个去签约按钮
INFO     RFPContractMapPage:rfp_contract_map_page.py:193 [OK] 已点击去签约按钮
INFO     utils.excel_utils:excel_utils.py:59 签约状态导入文件已生成: D:\work_dev\RFP-NEW\rfp-ui-test\data\temp\RFP_import_signing_status_price_001.xlsx
INFO     RFPContractMapPage:rfp_contract_map_page.py:206 切换至列表签约
INFO     RFPContractMapPage:rfp_contract_map_page.py:216 [OK] 已切换至列表签约
INFO     RFPContractMapPage:rfp_contract_map_page.py:248 导入签约状态文件: D:\work_dev\RFP-NEW\rfp-ui-test\data\temp\RFP_import_signing_status_price_001.xlsx
INFO     RFPContractMapPage:rfp_contract_map_page.py:255 [OK] 签约状态文件已导入
INFO     RFPContractMapPage:rfp_contract_map_page.py:225 切换至地图签约
INFO     RFPContractMapPage:rfp_contract_map_page.py:235 [OK] 已切换至地图签约
INFO     RFPContractMapPage:rfp_contract_map_page.py:268 点击价格状态页签: 新标
INFO     RFPContractMapPage:rfp_contract_map_page.py:280 [OK] 已点击价格状态页签: 新标
INFO     RFPContractMapPage:rfp_contract_map_page.py:293 点击首个酒店
INFO     RFPContractMapPage:rfp_contract_map_page.py:303 [OK] 已点击首个酒店
INFO     RFPContractMapPage:rfp_contract_map_page.py:329 点击继续议价按钮
ERROR    RFPContractMapPage:rfp_contract_map_page.py:343 点击继续议价按钮失败: Timeout 5000ms exceeded.
---------------------------- Captured log teardown ----------------------------
INFO     tests.operate.rfp_management.conftest:conftest.py:136 Test completed - page state will be reset for next test
----------------------------- Captured log setup ------------------------------
INFO     tests.operate.rfp_management.conftest:conftest.py:121 Resetting page to /home - ensuring consistent test state
INFO     tests.operate.rfp_management.conftest:conftest.py:128 Navigating to home page: https://testenv.fangcang.com/RFP/operate.html#/home
INFO     tests.operate.rfp_management.conftest:conftest.py:130 Page reset to /home - ready for test execution
------------------------------ Captured log call ------------------------------
INFO     tests.operate.rfp_management.test_rfp_contract_price_status:test_rfp_contract_price_status.py:159 Starting price status change test, case: price_001, project: 自动化测试项目-价格变换, 新标 → 议价中
INFO     RFPContractMapPage:rfp_contract_map_page.py:72 开始进入 /home 页面
INFO     RFPContractMapPage:base_page.py:24 Navigating to https://testenv.fangcang.com/RFP/operate.html#/home
INFO     RFPContractMapPage:rfp_contract_map_page.py:83 [OK] 已进入 /home 页面
INFO     RFPContractMapPage:rfp_contract_map_page.py:92 开始进入签约页面
INFO     RFPContractMapPage:rfp_contract_map_page.py:117 [OK] 已进入签约页面
INFO     RFPContractMapPage:rfp_contract_map_page.py:126 开始点击已启动 Tab
INFO     RFPContractMapPage:rfp_contract_map_page.py:138 [OK] 已点击已启动 Tab
INFO     RFPContractMapPage:rfp_contract_map_page.py:147 开始搜索项目: 自动化测试项目-价格变换
INFO     RFPContractMapPage:rfp_contract_map_page.py:172 [OK] 项目搜索完成: 自动化测试项目-价格变换
INFO     RFPContractMapPage:rfp_contract_map_page.py:181 开始点击首个去签约按钮
INFO     RFPContractMapPage:rfp_contract_map_page.py:193 [OK] 已点击去签约按钮
INFO     utils.excel_utils:excel_utils.py:59 签约状态导入文件已生成: D:\work_dev\RFP-NEW\rfp-ui-test\data\temp\RFP_import_signing_status_price_001.xlsx
INFO     RFPContractMapPage:rfp_contract_map_page.py:206 切换至列表签约
INFO     RFPContractMapPage:rfp_contract_map_page.py:216 [OK] 已切换至列表签约
INFO     RFPContractMapPage:rfp_contract_map_page.py:248 导入签约状态文件: D:\work_dev\RFP-NEW\rfp-ui-test\data\temp\RFP_import_signing_status_price_001.xlsx
INFO     RFPContractMapPage:rfp_contract_map_page.py:255 [OK] 签约状态文件已导入
INFO     RFPContractMapPage:rfp_contract_map_page.py:225 切换至地图签约
INFO     RFPContractMapPage:rfp_contract_map_page.py:235 [OK] 已切换至地图签约
INFO     RFPContractMapPage:rfp_contract_map_page.py:268 点击价格状态页签: 新标
INFO     RFPContractMapPage:rfp_contract_map_page.py:280 [OK] 已点击价格状态页签: 新标
INFO     RFPContractMapPage:rfp_contract_map_page.py:293 点击首个酒店
ERROR    RFPContractMapPage:rfp_contract_map_page.py:306 点击首个酒店失败: Timeout 5000ms exceeded.
---------------------------- Captured log teardown ----------------------------
INFO     tests.operate.rfp_management.conftest:conftest.py:136 Test completed - page state will be reset for next test
---------------------------- Captured log teardown ----------------------------
INFO     tests.operate.rfp_management.conftest:conftest.py:136 Test completed - page state will be reset for next test
---------------------------- Captured log teardown ----------------------------
INFO     tests.operate.rfp_management.conftest:conftest.py:136 Test completed - page state will be reset for next test
---------------------------- Captured log teardown ----------------------------
INFO     tests.operate.rfp_management.conftest:conftest.py:136 Test completed - page state will be reset for next test
_ TestRFPDetailPagePriceStatus.test_priceDetail_price_status_change[detail_price_002] _
[gw1] win32 -- Python 3.12.0 D:\work_dev\RFP-NEW\rfp-ui-test\.venv\Scripts\python.exe
tests\operate\rfp_management\test_rfp_detailPage_project.py:434: in test_priceDetail_price_status_change
    await detail_page.click_action_confirm()
pages\operate\rfp_management\rfp_detailPage_project.py:433: in click_action_confirm
    await confirm_btn.wait_for(timeout=timeout_config.get_element_timeout())
.venv\Lib\site-packages\playwright\async_api\_generated.py:18191: in wait_for
    await self._impl_obj.wait_for(timeout=timeout, state=state)
.venv\Lib\site-packages\playwright\_impl\_locator.py:670: in wait_for
    await self._frame.wait_for_selector(
.venv\Lib\site-packages\playwright\_impl\_frame.py:317: in wait_for_selector
    await self._channel.send("waitForSelector", locals_to_params(locals()))
.venv\Lib\site-packages\playwright\_impl\_connection.py:62: in send
    return await self._connection.wrap_api_call(
.venv\Lib\site-packages\playwright\_impl\_connection.py:492: in wrap_api_call
    return await cb()
.venv\Lib\site-packages\playwright\_impl\_connection.py:100: in inner_send
    result = next(iter(done)).result()
E   playwright._impl._errors.TimeoutError: Timeout 5000ms exceeded.
----------------------------- Captured log setup ------------------------------
INFO     tests.operate.rfp_management.conftest:conftest.py:121 Resetting page to /home - ensuring consistent test state
INFO     tests.operate.rfp_management.conftest:conftest.py:128 Navigating to home page: https://testenv.fangcang.com/RFP/operate.html#/home
INFO     tests.operate.rfp_management.conftest:conftest.py:130 Page reset to /home - ready for test execution
------------------------------ Captured log call ------------------------------
INFO     tests.operate.rfp_management.test_rfp_detailPage_project:test_rfp_detailPage_project.py:368 Starting detail page price status change test, case: detail_price_002, project: 自动化测试项目-页面详情页价格变换, 新标 → 已中签
INFO     RFPContractMapPage:rfp_contract_map_page.py:72 开始进入 /home 页面
INFO     RFPContractMapPage:base_page.py:24 Navigating to https://testenv.fangcang.com/RFP/operate.html#/home
INFO     RFPContractMapPage:rfp_contract_map_page.py:83 [OK] 已进入 /home 页面
INFO     RFPContractMapPage:rfp_contract_map_page.py:92 开始进入签约页面
INFO     RFPContractMapPage:rfp_contract_map_page.py:117 [OK] 已进入签约页面
INFO     RFPContractMapPage:rfp_contract_map_page.py:126 开始点击已启动 Tab
INFO     RFPContractMapPage:rfp_contract_map_page.py:138 [OK] 已点击已启动 Tab
INFO     RFPContractMapPage:rfp_contract_map_page.py:147 开始搜索项目: 自动化测试项目-页面详情页价格变换
INFO     RFPContractMapPage:rfp_contract_map_page.py:172 [OK] 项目搜索完成: 自动化测试项目-页面详情页价格变换
INFO     RFPContractMapPage:rfp_contract_map_page.py:181 开始点击首个去签约按钮
INFO     RFPContractMapPage:rfp_contract_map_page.py:193 [OK] 已点击去签约按钮
INFO     utils.excel_utils:excel_utils.py:59 签约状态导入文件已生成: D:\work_dev\RFP-NEW\rfp-ui-test\data\temp\RFP_detail_import_detail_price_002.xlsx
INFO     RFPContractMapPage:rfp_contract_map_page.py:206 切换至列表签约
INFO     RFPContractMapPage:rfp_contract_map_page.py:216 [OK] 已切换至列表签约
INFO     RFPContractMapPage:rfp_contract_map_page.py:248 导入签约状态文件: D:\work_dev\RFP-NEW\rfp-ui-test\data\temp\RFP_detail_import_detail_price_002.xlsx
INFO     RFPContractMapPage:rfp_contract_map_page.py:255 [OK] 签约状态文件已导入
INFO     RFPContractMapPage:rfp_contract_map_page.py:225 切换至地图签约
INFO     RFPContractMapPage:rfp_contract_map_page.py:235 [OK] 已切换至地图签约
INFO     RFPContractMapPage:rfp_contract_map_page.py:268 点击价格状态页签: 新标
INFO     RFPContractMapPage:rfp_contract_map_page.py:280 [OK] 已点击价格状态页签: 新标
INFO     RFPContractMapPage:rfp_contract_map_page.py:293 点击首个酒店
INFO     RFPContractMapPage:rfp_contract_map_page.py:303 [OK] 已点击首个酒店
INFO     RFPContractMapPage:rfp_contract_map_page.py:436 开始点击查看报价详情按钮
INFO     RFPContractMapPage:rfp_contract_map_page.py:453 [OK] 报价详情页已打开
INFO     RFPDetailPageProject:rfp_detailPage_project.py:375 点击操作按钮: 确认中签
INFO     RFPDetailPageProject:rfp_detailPage_project.py:383 [OK] 已点击操作按钮: 确认中签
INFO     RFPDetailPageProject:rfp_detailPage_project.py:408 输入留言: 修改价格状态：新标→已中签
INFO     RFPDetailPageProject:rfp_detailPage_project.py:417 [OK] 留言已输入
INFO     RFPDetailPageProject:rfp_detailPage_project.py:426 点击确定按钮
ERROR    RFPDetailPageProject:rfp_detailPage_project.py:439 点击确定按钮失败: Timeout 5000ms exceeded.
---------------------------- Captured log teardown ----------------------------
INFO     tests.operate.rfp_management.conftest:conftest.py:136 Test completed - page state will be reset for next test
----------------------------- Captured log setup ------------------------------
INFO     tests.operate.rfp_management.conftest:conftest.py:121 Resetting page to /home - ensuring consistent test state
INFO     tests.operate.rfp_management.conftest:conftest.py:128 Navigating to home page: https://testenv.fangcang.com/RFP/operate.html#/home
INFO     tests.operate.rfp_management.conftest:conftest.py:130 Page reset to /home - ready for test execution
------------------------------ Captured log call ------------------------------
INFO     tests.operate.rfp_management.test_rfp_detailPage_project:test_rfp_detailPage_project.py:368 Starting detail page price status change test, case: detail_price_002, project: 自动化测试项目-页面详情页价格变换, 新标 → 已中签
INFO     RFPContractMapPage:rfp_contract_map_page.py:72 开始进入 /home 页面
INFO     RFPContractMapPage:base_page.py:24 Navigating to https://testenv.fangcang.com/RFP/operate.html#/home
INFO     RFPContractMapPage:rfp_contract_map_page.py:83 [OK] 已进入 /home 页面
INFO     RFPContractMapPage:rfp_contract_map_page.py:92 开始进入签约页面
INFO     RFPContractMapPage:rfp_contract_map_page.py:117 [OK] 已进入签约页面
INFO     RFPContractMapPage:rfp_contract_map_page.py:126 开始点击已启动 Tab
INFO     RFPContractMapPage:rfp_contract_map_page.py:138 [OK] 已点击已启动 Tab
INFO     RFPContractMapPage:rfp_contract_map_page.py:147 开始搜索项目: 自动化测试项目-页面详情页价格变换
INFO     RFPContractMapPage:rfp_contract_map_page.py:172 [OK] 项目搜索完成: 自动化测试项目-页面详情页价格变换
INFO     RFPContractMapPage:rfp_contract_map_page.py:181 开始点击首个去签约按钮
INFO     RFPContractMapPage:rfp_contract_map_page.py:193 [OK] 已点击去签约按钮
INFO     utils.excel_utils:excel_utils.py:59 签约状态导入文件已生成: D:\work_dev\RFP-NEW\rfp-ui-test\data\temp\RFP_detail_import_detail_price_002.xlsx
INFO     RFPContractMapPage:rfp_contract_map_page.py:206 切换至列表签约
INFO     RFPContractMapPage:rfp_contract_map_page.py:216 [OK] 已切换至列表签约
INFO     RFPContractMapPage:rfp_contract_map_page.py:248 导入签约状态文件: D:\work_dev\RFP-NEW\rfp-ui-test\data\temp\RFP_detail_import_detail_price_002.xlsx
INFO     RFPContractMapPage:rfp_contract_map_page.py:255 [OK] 签约状态文件已导入
INFO     RFPContractMapPage:rfp_contract_map_page.py:225 切换至地图签约
INFO     RFPContractMapPage:rfp_contract_map_page.py:235 [OK] 已切换至地图签约
INFO     RFPContractMapPage:rfp_contract_map_page.py:268 点击价格状态页签: 新标
INFO     RFPContractMapPage:rfp_contract_map_page.py:280 [OK] 已点击价格状态页签: 新标
INFO     RFPContractMapPage:rfp_contract_map_page.py:293 点击首个酒店
INFO     RFPContractMapPage:rfp_contract_map_page.py:303 [OK] 已点击首个酒店
INFO     RFPContractMapPage:rfp_contract_map_page.py:436 开始点击查看报价详情按钮
INFO     RFPContractMapPage:rfp_contract_map_page.py:453 [OK] 报价详情页已打开
INFO     RFPDetailPageProject:rfp_detailPage_project.py:375 点击操作按钮: 确认中签
INFO     RFPDetailPageProject:rfp_detailPage_project.py:383 [OK] 已点击操作按钮: 确认中签
INFO     RFPDetailPageProject:rfp_detailPage_project.py:408 输入留言: 修改价格状态：新标→已中签
INFO     RFPDetailPageProject:rfp_detailPage_project.py:417 [OK] 留言已输入
INFO     RFPDetailPageProject:rfp_detailPage_project.py:426 点击确定按钮
ERROR    RFPDetailPageProject:rfp_detailPage_project.py:439 点击确定按钮失败: Timeout 5000ms exceeded.
---------------------------- Captured log teardown ----------------------------
INFO     tests.operate.rfp_management.conftest:conftest.py:136 Test completed - page state will be reset for next test
----------------------------- Captured log setup ------------------------------
INFO     tests.operate.rfp_management.conftest:conftest.py:121 Resetting page to /home - ensuring consistent test state
INFO     tests.operate.rfp_management.conftest:conftest.py:128 Navigating to home page: https://testenv.fangcang.com/RFP/operate.html#/home
INFO     tests.operate.rfp_management.conftest:conftest.py:130 Page reset to /home - ready for test execution
------------------------------ Captured log call ------------------------------
INFO     tests.operate.rfp_management.test_rfp_detailPage_project:test_rfp_detailPage_project.py:368 Starting detail page price status change test, case: detail_price_002, project: 自动化测试项目-页面详情页价格变换, 新标 → 已中签
INFO     RFPContractMapPage:rfp_contract_map_page.py:72 开始进入 /home 页面
INFO     RFPContractMapPage:base_page.py:24 Navigating to https://testenv.fangcang.com/RFP/operate.html#/home
INFO     RFPContractMapPage:rfp_contract_map_page.py:83 [OK] 已进入 /home 页面
INFO     RFPContractMapPage:rfp_contract_map_page.py:92 开始进入签约页面
INFO     RFPContractMapPage:rfp_contract_map_page.py:117 [OK] 已进入签约页面
INFO     RFPContractMapPage:rfp_contract_map_page.py:126 开始点击已启动 Tab
INFO     RFPContractMapPage:rfp_contract_map_page.py:138 [OK] 已点击已启动 Tab
INFO     RFPContractMapPage:rfp_contract_map_page.py:147 开始搜索项目: 自动化测试项目-页面详情页价格变换
INFO     RFPContractMapPage:rfp_contract_map_page.py:172 [OK] 项目搜索完成: 自动化测试项目-页面详情页价格变换
INFO     RFPContractMapPage:rfp_contract_map_page.py:181 开始点击首个去签约按钮
INFO     RFPContractMapPage:rfp_contract_map_page.py:193 [OK] 已点击去签约按钮
INFO     utils.excel_utils:excel_utils.py:59 签约状态导入文件已生成: D:\work_dev\RFP-NEW\rfp-ui-test\data\temp\RFP_detail_import_detail_price_002.xlsx
INFO     RFPContractMapPage:rfp_contract_map_page.py:206 切换至列表签约
INFO     RFPContractMapPage:rfp_contract_map_page.py:216 [OK] 已切换至列表签约
INFO     RFPContractMapPage:rfp_contract_map_page.py:248 导入签约状态文件: D:\work_dev\RFP-NEW\rfp-ui-test\data\temp\RFP_detail_import_detail_price_002.xlsx
INFO     RFPContractMapPage:rfp_contract_map_page.py:255 [OK] 签约状态文件已导入
INFO     RFPContractMapPage:rfp_contract_map_page.py:225 切换至地图签约
INFO     RFPContractMapPage:rfp_contract_map_page.py:235 [OK] 已切换至地图签约
INFO     RFPContractMapPage:rfp_contract_map_page.py:268 点击价格状态页签: 新标
INFO     RFPContractMapPage:rfp_contract_map_page.py:280 [OK] 已点击价格状态页签: 新标
INFO     RFPContractMapPage:rfp_contract_map_page.py:293 点击首个酒店
INFO     RFPContractMapPage:rfp_contract_map_page.py:303 [OK] 已点击首个酒店
INFO     RFPContractMapPage:rfp_contract_map_page.py:436 开始点击查看报价详情按钮
INFO     RFPContractMapPage:rfp_contract_map_page.py:453 [OK] 报价详情页已打开
INFO     RFPDetailPageProject:rfp_detailPage_project.py:375 点击操作按钮: 确认中签
INFO     RFPDetailPageProject:rfp_detailPage_project.py:383 [OK] 已点击操作按钮: 确认中签
INFO     RFPDetailPageProject:rfp_detailPage_project.py:408 输入留言: 修改价格状态：新标→已中签
INFO     RFPDetailPageProject:rfp_detailPage_project.py:417 [OK] 留言已输入
INFO     RFPDetailPageProject:rfp_detailPage_project.py:426 点击确定按钮
ERROR    RFPDetailPageProject:rfp_detailPage_project.py:439 点击确定按钮失败: Timeout 5000ms exceeded.
---------------------------- Captured log teardown ----------------------------
INFO     tests.operate.rfp_management.conftest:conftest.py:136 Test completed - page state will be reset for next test
----------------------------- Captured log setup ------------------------------
INFO     tests.operate.rfp_management.conftest:conftest.py:121 Resetting page to /home - ensuring consistent test state
INFO     tests.operate.rfp_management.conftest:conftest.py:128 Navigating to home page: https://testenv.fangcang.com/RFP/operate.html#/home
INFO     tests.operate.rfp_management.conftest:conftest.py:130 Page reset to /home - ready for test execution
------------------------------ Captured log call ------------------------------
INFO     tests.operate.rfp_management.test_rfp_detailPage_project:test_rfp_detailPage_project.py:368 Starting detail page price status change test, case: detail_price_002, project: 自动化测试项目-页面详情页价格变换, 新标 → 已中签
INFO     RFPContractMapPage:rfp_contract_map_page.py:72 开始进入 /home 页面
INFO     RFPContractMapPage:base_page.py:24 Navigating to https://testenv.fangcang.com/RFP/operate.html#/home
INFO     RFPContractMapPage:rfp_contract_map_page.py:83 [OK] 已进入 /home 页面
INFO     RFPContractMapPage:rfp_contract_map_page.py:92 开始进入签约页面
INFO     RFPContractMapPage:rfp_contract_map_page.py:117 [OK] 已进入签约页面
INFO     RFPContractMapPage:rfp_contract_map_page.py:126 开始点击已启动 Tab
INFO     RFPContractMapPage:rfp_contract_map_page.py:138 [OK] 已点击已启动 Tab
INFO     RFPContractMapPage:rfp_contract_map_page.py:147 开始搜索项目: 自动化测试项目-页面详情页价格变换
INFO     RFPContractMapPage:rfp_contract_map_page.py:172 [OK] 项目搜索完成: 自动化测试项目-页面详情页价格变换
INFO     RFPContractMapPage:rfp_contract_map_page.py:181 开始点击首个去签约按钮
INFO     RFPContractMapPage:rfp_contract_map_page.py:193 [OK] 已点击去签约按钮
INFO     utils.excel_utils:excel_utils.py:59 签约状态导入文件已生成: D:\work_dev\RFP-NEW\rfp-ui-test\data\temp\RFP_detail_import_detail_price_002.xlsx
INFO     RFPContractMapPage:rfp_contract_map_page.py:206 切换至列表签约
INFO     RFPContractMapPage:rfp_contract_map_page.py:216 [OK] 已切换至列表签约
INFO     RFPContractMapPage:rfp_contract_map_page.py:248 导入签约状态文件: D:\work_dev\RFP-NEW\rfp-ui-test\data\temp\RFP_detail_import_detail_price_002.xlsx
INFO     RFPContractMapPage:rfp_contract_map_page.py:255 [OK] 签约状态文件已导入
INFO     RFPContractMapPage:rfp_contract_map_page.py:225 切换至地图签约
INFO     RFPContractMapPage:rfp_contract_map_page.py:235 [OK] 已切换至地图签约
INFO     RFPContractMapPage:rfp_contract_map_page.py:268 点击价格状态页签: 新标
INFO     RFPContractMapPage:rfp_contract_map_page.py:280 [OK] 已点击价格状态页签: 新标
INFO     RFPContractMapPage:rfp_contract_map_page.py:293 点击首个酒店
INFO     RFPContractMapPage:rfp_contract_map_page.py:303 [OK] 已点击首个酒店
INFO     RFPContractMapPage:rfp_contract_map_page.py:436 开始点击查看报价详情按钮
INFO     RFPContractMapPage:rfp_contract_map_page.py:453 [OK] 报价详情页已打开
INFO     RFPDetailPageProject:rfp_detailPage_project.py:375 点击操作按钮: 确认中签
INFO     RFPDetailPageProject:rfp_detailPage_project.py:383 [OK] 已点击操作按钮: 确认中签
INFO     RFPDetailPageProject:rfp_detailPage_project.py:408 输入留言: 修改价格状态：新标→已中签
INFO     RFPDetailPageProject:rfp_detailPage_project.py:417 [OK] 留言已输入
INFO     RFPDetailPageProject:rfp_detailPage_project.py:426 点击确定按钮
ERROR    RFPDetailPageProject:rfp_detailPage_project.py:439 点击确定按钮失败: Timeout 5000ms exceeded.
---------------------------- Captured log teardown ----------------------------
INFO     tests.operate.rfp_management.conftest:conftest.py:136 Test completed - page state will be reset for next test
---------------------------- Captured log teardown ----------------------------
INFO     tests.operate.rfp_management.conftest:conftest.py:136 Test completed - page state will be reset for next test
---------------------------- Captured log teardown ----------------------------
INFO     tests.operate.rfp_management.conftest:conftest.py:136 Test completed - page state will be reset for next test
---------------------------- Captured log teardown ----------------------------
INFO     tests.operate.rfp_management.conftest:conftest.py:136 Test completed - page state will be reset for next test
_ TestRFPContractPriceStatus.test_RFP_contract_price_status_change[price_002] _
[gw0] win32 -- Python 3.12.0 D:\work_dev\RFP-NEW\rfp-ui-test\.venv\Scripts\python.exe
tests\operate\rfp_management\test_rfp_contract_price_status.py:212: in test_RFP_contract_price_status_change
    await map_page.click_action_by_type(action)
pages\operate\rfp_management\rfp_contract_map_page.py:402: in click_action_by_type
    await handler()
pages\operate\rfp_management\rfp_contract_map_page.py:357: in click_hotel_signed
    await btn.wait_for(timeout=timeout_config.get_element_timeout())
.venv\Lib\site-packages\playwright\async_api\_generated.py:18191: in wait_for
    await self._impl_obj.wait_for(timeout=timeout, state=state)
.venv\Lib\site-packages\playwright\_impl\_locator.py:670: in wait_for
    await self._frame.wait_for_selector(
.venv\Lib\site-packages\playwright\_impl\_frame.py:317: in wait_for_selector
    await self._channel.send("waitForSelector", locals_to_params(locals()))
.venv\Lib\site-packages\playwright\_impl\_connection.py:62: in send
    return await self._connection.wrap_api_call(
.venv\Lib\site-packages\playwright\_impl\_connection.py:492: in wrap_api_call
    return await cb()
.venv\Lib\site-packages\playwright\_impl\_connection.py:100: in inner_send
    result = next(iter(done)).result()
E   playwright._impl._errors.TimeoutError: Timeout 5000ms exceeded.
----------------------------- Captured log setup ------------------------------
INFO     tests.operate.rfp_management.conftest:conftest.py:121 Resetting page to /home - ensuring consistent test state
INFO     tests.operate.rfp_management.conftest:conftest.py:128 Navigating to home page: https://testenv.fangcang.com/RFP/operate.html#/home
INFO     tests.operate.rfp_management.conftest:conftest.py:130 Page reset to /home - ready for test execution
------------------------------ Captured log call ------------------------------
INFO     tests.operate.rfp_management.test_rfp_contract_price_status:test_rfp_contract_price_status.py:159 Starting price status change test, case: price_002, project: 自动化测试项目-价格变换, 新标 → 已中签
INFO     RFPContractMapPage:rfp_contract_map_page.py:72 开始进入 /home 页面
INFO     RFPContractMapPage:base_page.py:24 Navigating to https://testenv.fangcang.com/RFP/operate.html#/home
INFO     RFPContractMapPage:rfp_contract_map_page.py:83 [OK] 已进入 /home 页面
INFO     RFPContractMapPage:rfp_contract_map_page.py:92 开始进入签约页面
INFO     RFPContractMapPage:rfp_contract_map_page.py:117 [OK] 已进入签约页面
INFO     RFPContractMapPage:rfp_contract_map_page.py:126 开始点击已启动 Tab
INFO     RFPContractMapPage:rfp_contract_map_page.py:138 [OK] 已点击已启动 Tab
INFO     RFPContractMapPage:rfp_contract_map_page.py:147 开始搜索项目: 自动化测试项目-价格变换
INFO     RFPContractMapPage:rfp_contract_map_page.py:172 [OK] 项目搜索完成: 自动化测试项目-价格变换
INFO     RFPContractMapPage:rfp_contract_map_page.py:181 开始点击首个去签约按钮
INFO     RFPContractMapPage:rfp_contract_map_page.py:193 [OK] 已点击去签约按钮
INFO     utils.excel_utils:excel_utils.py:59 签约状态导入文件已生成: D:\work_dev\RFP-NEW\rfp-ui-test\data\temp\RFP_import_signing_status_price_002.xlsx
INFO     RFPContractMapPage:rfp_contract_map_page.py:206 切换至列表签约
INFO     RFPContractMapPage:rfp_contract_map_page.py:216 [OK] 已切换至列表签约
INFO     RFPContractMapPage:rfp_contract_map_page.py:248 导入签约状态文件: D:\work_dev\RFP-NEW\rfp-ui-test\data\temp\RFP_import_signing_status_price_002.xlsx
INFO     RFPContractMapPage:rfp_contract_map_page.py:255 [OK] 签约状态文件已导入
INFO     RFPContractMapPage:rfp_contract_map_page.py:225 切换至地图签约
INFO     RFPContractMapPage:rfp_contract_map_page.py:235 [OK] 已切换至地图签约
INFO     RFPContractMapPage:rfp_contract_map_page.py:268 点击价格状态页签: 新标
INFO     RFPContractMapPage:rfp_contract_map_page.py:280 [OK] 已点击价格状态页签: 新标
INFO     RFPContractMapPage:rfp_contract_map_page.py:293 点击首个酒店
INFO     RFPContractMapPage:rfp_contract_map_page.py:303 [OK] 已点击首个酒店
INFO     RFPContractMapPage:rfp_contract_map_page.py:349 点击中签按钮
ERROR    RFPContractMapPage:rfp_contract_map_page.py:363 点击中签按钮失败: Timeout 5000ms exceeded.
---------------------------- Captured log teardown ----------------------------
INFO     tests.operate.rfp_management.conftest:conftest.py:136 Test completed - page state will be reset for next test
----------------------------- Captured log setup ------------------------------
INFO     tests.operate.rfp_management.conftest:conftest.py:121 Resetting page to /home - ensuring consistent test state
INFO     tests.operate.rfp_management.conftest:conftest.py:128 Navigating to home page: https://testenv.fangcang.com/RFP/operate.html#/home
INFO     tests.operate.rfp_management.conftest:conftest.py:130 Page reset to /home - ready for test execution
------------------------------ Captured log call ------------------------------
INFO     tests.operate.rfp_management.test_rfp_contract_price_status:test_rfp_contract_price_status.py:159 Starting price status change test, case: price_002, project: 自动化测试项目-价格变换, 新标 → 已中签
INFO     RFPContractMapPage:rfp_contract_map_page.py:72 开始进入 /home 页面
INFO     RFPContractMapPage:base_page.py:24 Navigating to https://testenv.fangcang.com/RFP/operate.html#/home
INFO     RFPContractMapPage:rfp_contract_map_page.py:83 [OK] 已进入 /home 页面
INFO     RFPContractMapPage:rfp_contract_map_page.py:92 开始进入签约页面
INFO     RFPContractMapPage:rfp_contract_map_page.py:117 [OK] 已进入签约页面
INFO     RFPContractMapPage:rfp_contract_map_page.py:126 开始点击已启动 Tab
INFO     RFPContractMapPage:rfp_contract_map_page.py:138 [OK] 已点击已启动 Tab
INFO     RFPContractMapPage:rfp_contract_map_page.py:147 开始搜索项目: 自动化测试项目-价格变换
INFO     RFPContractMapPage:rfp_contract_map_page.py:172 [OK] 项目搜索完成: 自动化测试项目-价格变换
INFO     RFPContractMapPage:rfp_contract_map_page.py:181 开始点击首个去签约按钮
INFO     RFPContractMapPage:rfp_contract_map_page.py:193 [OK] 已点击去签约按钮
INFO     utils.excel_utils:excel_utils.py:59 签约状态导入文件已生成: D:\work_dev\RFP-NEW\rfp-ui-test\data\temp\RFP_import_signing_status_price_002.xlsx
INFO     RFPContractMapPage:rfp_contract_map_page.py:206 切换至列表签约
INFO     RFPContractMapPage:rfp_contract_map_page.py:216 [OK] 已切换至列表签约
INFO     RFPContractMapPage:rfp_contract_map_page.py:248 导入签约状态文件: D:\work_dev\RFP-NEW\rfp-ui-test\data\temp\RFP_import_signing_status_price_002.xlsx
INFO     RFPContractMapPage:rfp_contract_map_page.py:255 [OK] 签约状态文件已导入
INFO     RFPContractMapPage:rfp_contract_map_page.py:225 切换至地图签约
INFO     RFPContractMapPage:rfp_contract_map_page.py:235 [OK] 已切换至地图签约
INFO     RFPContractMapPage:rfp_contract_map_page.py:268 点击价格状态页签: 新标
INFO     RFPContractMapPage:rfp_contract_map_page.py:280 [OK] 已点击价格状态页签: 新标
INFO     RFPContractMapPage:rfp_contract_map_page.py:293 点击首个酒店
INFO     RFPContractMapPage:rfp_contract_map_page.py:303 [OK] 已点击首个酒店
INFO     RFPContractMapPage:rfp_contract_map_page.py:349 点击中签按钮
ERROR    RFPContractMapPage:rfp_contract_map_page.py:363 点击中签按钮失败: Timeout 5000ms exceeded.
---------------------------- Captured log teardown ----------------------------
INFO     tests.operate.rfp_management.conftest:conftest.py:136 Test completed - page state will be reset for next test
----------------------------- Captured log setup ------------------------------
INFO     tests.operate.rfp_management.conftest:conftest.py:121 Resetting page to /home - ensuring consistent test state
INFO     tests.operate.rfp_management.conftest:conftest.py:128 Navigating to home page: https://testenv.fangcang.com/RFP/operate.html#/home
INFO     tests.operate.rfp_management.conftest:conftest.py:130 Page reset to /home - ready for test execution
------------------------------ Captured log call ------------------------------
INFO     tests.operate.rfp_management.test_rfp_contract_price_status:test_rfp_contract_price_status.py:159 Starting price status change test, case: price_002, project: 自动化测试项目-价格变换, 新标 → 已中签
INFO     RFPContractMapPage:rfp_contract_map_page.py:72 开始进入 /home 页面
INFO     RFPContractMapPage:base_page.py:24 Navigating to https://testenv.fangcang.com/RFP/operate.html#/home
INFO     RFPContractMapPage:rfp_contract_map_page.py:83 [OK] 已进入 /home 页面
INFO     RFPContractMapPage:rfp_contract_map_page.py:92 开始进入签约页面
INFO     RFPContractMapPage:rfp_contract_map_page.py:117 [OK] 已进入签约页面
INFO     RFPContractMapPage:rfp_contract_map_page.py:126 开始点击已启动 Tab
INFO     RFPContractMapPage:rfp_contract_map_page.py:138 [OK] 已点击已启动 Tab
INFO     RFPContractMapPage:rfp_contract_map_page.py:147 开始搜索项目: 自动化测试项目-价格变换
INFO     RFPContractMapPage:rfp_contract_map_page.py:172 [OK] 项目搜索完成: 自动化测试项目-价格变换
INFO     RFPContractMapPage:rfp_contract_map_page.py:181 开始点击首个去签约按钮
INFO     RFPContractMapPage:rfp_contract_map_page.py:193 [OK] 已点击去签约按钮
INFO     utils.excel_utils:excel_utils.py:59 签约状态导入文件已生成: D:\work_dev\RFP-NEW\rfp-ui-test\data\temp\RFP_import_signing_status_price_002.xlsx
INFO     RFPContractMapPage:rfp_contract_map_page.py:206 切换至列表签约
INFO     RFPContractMapPage:rfp_contract_map_page.py:216 [OK] 已切换至列表签约
INFO     RFPContractMapPage:rfp_contract_map_page.py:248 导入签约状态文件: D:\work_dev\RFP-NEW\rfp-ui-test\data\temp\RFP_import_signing_status_price_002.xlsx
INFO     RFPContractMapPage:rfp_contract_map_page.py:255 [OK] 签约状态文件已导入
INFO     RFPContractMapPage:rfp_contract_map_page.py:225 切换至地图签约
INFO     RFPContractMapPage:rfp_contract_map_page.py:235 [OK] 已切换至地图签约
INFO     RFPContractMapPage:rfp_contract_map_page.py:268 点击价格状态页签: 新标
INFO     RFPContractMapPage:rfp_contract_map_page.py:280 [OK] 已点击价格状态页签: 新标
INFO     RFPContractMapPage:rfp_contract_map_page.py:293 点击首个酒店
INFO     RFPContractMapPage:rfp_contract_map_page.py:303 [OK] 已点击首个酒店
INFO     RFPContractMapPage:rfp_contract_map_page.py:349 点击中签按钮
ERROR    RFPContractMapPage:rfp_contract_map_page.py:363 点击中签按钮失败: Timeout 5000ms exceeded.
---------------------------- Captured log teardown ----------------------------
INFO     tests.operate.rfp_management.conftest:conftest.py:136 Test completed - page state will be reset for next test
----------------------------- Captured log setup ------------------------------
INFO     tests.operate.rfp_management.conftest:conftest.py:121 Resetting page to /home - ensuring consistent test state
INFO     tests.operate.rfp_management.conftest:conftest.py:128 Navigating to home page: https://testenv.fangcang.com/RFP/operate.html#/home
INFO     tests.operate.rfp_management.conftest:conftest.py:130 Page reset to /home - ready for test execution
------------------------------ Captured log call ------------------------------
INFO     tests.operate.rfp_management.test_rfp_contract_price_status:test_rfp_contract_price_status.py:159 Starting price status change test, case: price_002, project: 自动化测试项目-价格变换, 新标 → 已中签
INFO     RFPContractMapPage:rfp_contract_map_page.py:72 开始进入 /home 页面
INFO     RFPContractMapPage:base_page.py:24 Navigating to https://testenv.fangcang.com/RFP/operate.html#/home
INFO     RFPContractMapPage:rfp_contract_map_page.py:83 [OK] 已进入 /home 页面
INFO     RFPContractMapPage:rfp_contract_map_page.py:92 开始进入签约页面
INFO     RFPContractMapPage:rfp_contract_map_page.py:117 [OK] 已进入签约页面
INFO     RFPContractMapPage:rfp_contract_map_page.py:126 开始点击已启动 Tab
INFO     RFPContractMapPage:rfp_contract_map_page.py:138 [OK] 已点击已启动 Tab
INFO     RFPContractMapPage:rfp_contract_map_page.py:147 开始搜索项目: 自动化测试项目-价格变换
INFO     RFPContractMapPage:rfp_contract_map_page.py:172 [OK] 项目搜索完成: 自动化测试项目-价格变换
INFO     RFPContractMapPage:rfp_contract_map_page.py:181 开始点击首个去签约按钮
INFO     RFPContractMapPage:rfp_contract_map_page.py:193 [OK] 已点击去签约按钮
INFO     utils.excel_utils:excel_utils.py:59 签约状态导入文件已生成: D:\work_dev\RFP-NEW\rfp-ui-test\data\temp\RFP_import_signing_status_price_002.xlsx
INFO     RFPContractMapPage:rfp_contract_map_page.py:206 切换至列表签约
INFO     RFPContractMapPage:rfp_contract_map_page.py:216 [OK] 已切换至列表签约
INFO     RFPContractMapPage:rfp_contract_map_page.py:248 导入签约状态文件: D:\work_dev\RFP-NEW\rfp-ui-test\data\temp\RFP_import_signing_status_price_002.xlsx
INFO     RFPContractMapPage:rfp_contract_map_page.py:255 [OK] 签约状态文件已导入
INFO     RFPContractMapPage:rfp_contract_map_page.py:225 切换至地图签约
INFO     RFPContractMapPage:rfp_contract_map_page.py:235 [OK] 已切换至地图签约
INFO     RFPContractMapPage:rfp_contract_map_page.py:268 点击价格状态页签: 新标
INFO     RFPContractMapPage:rfp_contract_map_page.py:280 [OK] 已点击价格状态页签: 新标
INFO     RFPContractMapPage:rfp_contract_map_page.py:293 点击首个酒店
INFO     RFPContractMapPage:rfp_contract_map_page.py:303 [OK] 已点击首个酒店
INFO     RFPContractMapPage:rfp_contract_map_page.py:349 点击中签按钮
ERROR    RFPContractMapPage:rfp_contract_map_page.py:363 点击中签按钮失败: Timeout 5000ms exceeded.
---------------------------- Captured log teardown ----------------------------
INFO     tests.operate.rfp_management.conftest:conftest.py:136 Test completed - page state will be reset for next test
---------------------------- Captured log teardown ----------------------------
INFO     tests.operate.rfp_management.conftest:conftest.py:136 Test completed - page state will be reset for next test
---------------------------- Captured log teardown ----------------------------
INFO     tests.operate.rfp_management.conftest:conftest.py:136 Test completed - page state will be reset for next test
---------------------------- Captured log teardown ----------------------------
INFO     tests.operate.rfp_management.conftest:conftest.py:136 Test completed - page state will be reset for next test
_ TestRFPDetailPagePriceStatus.test_priceDetail_price_status_change[detail_price_004] _
[gw1] win32 -- Python 3.12.0 D:\work_dev\RFP-NEW\rfp-ui-test\.venv\Scripts\python.exe
tests\operate\rfp_management\test_rfp_detailPage_project.py:434: in test_priceDetail_price_status_change
    await detail_page.click_action_confirm()
pages\operate\rfp_management\rfp_detailPage_project.py:433: in click_action_confirm
    await confirm_btn.wait_for(timeout=timeout_config.get_element_timeout())
.venv\Lib\site-packages\playwright\async_api\_generated.py:18191: in wait_for
    await self._impl_obj.wait_for(timeout=timeout, state=state)
.venv\Lib\site-packages\playwright\_impl\_locator.py:670: in wait_for
    await self._frame.wait_for_selector(
.venv\Lib\site-packages\playwright\_impl\_frame.py:317: in wait_for_selector
    await self._channel.send("waitForSelector", locals_to_params(locals()))
.venv\Lib\site-packages\playwright\_impl\_connection.py:62: in send
    return await self._connection.wrap_api_call(
.venv\Lib\site-packages\playwright\_impl\_connection.py:492: in wrap_api_call
    return await cb()
.venv\Lib\site-packages\playwright\_impl\_connection.py:100: in inner_send
    result = next(iter(done)).result()
E   playwright._impl._errors.TimeoutError: Timeout 5000ms exceeded.
----------------------------- Captured log setup ------------------------------
INFO     tests.operate.rfp_management.conftest:conftest.py:121 Resetting page to /home - ensuring consistent test state
INFO     tests.operate.rfp_management.conftest:conftest.py:128 Navigating to home page: https://testenv.fangcang.com/RFP/operate.html#/home
INFO     tests.operate.rfp_management.conftest:conftest.py:130 Page reset to /home - ready for test execution
------------------------------ Captured log call ------------------------------
INFO     tests.operate.rfp_management.test_rfp_detailPage_project:test_rfp_detailPage_project.py:368 Starting detail page price status change test, case: detail_price_004, project: 自动化测试项目-页面详情页价格变换, 议价中 → 已中签
INFO     RFPContractMapPage:rfp_contract_map_page.py:72 开始进入 /home 页面
INFO     RFPContractMapPage:base_page.py:24 Navigating to https://testenv.fangcang.com/RFP/operate.html#/home
INFO     RFPContractMapPage:rfp_contract_map_page.py:83 [OK] 已进入 /home 页面
INFO     RFPContractMapPage:rfp_contract_map_page.py:92 开始进入签约页面
INFO     RFPContractMapPage:rfp_contract_map_page.py:117 [OK] 已进入签约页面
INFO     RFPContractMapPage:rfp_contract_map_page.py:126 开始点击已启动 Tab
INFO     RFPContractMapPage:rfp_contract_map_page.py:138 [OK] 已点击已启动 Tab
INFO     RFPContractMapPage:rfp_contract_map_page.py:147 开始搜索项目: 自动化测试项目-页面详情页价格变换
INFO     RFPContractMapPage:rfp_contract_map_page.py:172 [OK] 项目搜索完成: 自动化测试项目-页面详情页价格变换
INFO     RFPContractMapPage:rfp_contract_map_page.py:181 开始点击首个去签约按钮
INFO     RFPContractMapPage:rfp_contract_map_page.py:193 [OK] 已点击去签约按钮
INFO     utils.excel_utils:excel_utils.py:59 签约状态导入文件已生成: D:\work_dev\RFP-NEW\rfp-ui-test\data\temp\RFP_detail_import_detail_price_004.xlsx
INFO     RFPContractMapPage:rfp_contract_map_page.py:206 切换至列表签约
INFO     RFPContractMapPage:rfp_contract_map_page.py:216 [OK] 已切换至列表签约
INFO     RFPContractMapPage:rfp_contract_map_page.py:248 导入签约状态文件: D:\work_dev\RFP-NEW\rfp-ui-test\data\temp\RFP_detail_import_detail_price_004.xlsx
INFO     RFPContractMapPage:rfp_contract_map_page.py:255 [OK] 签约状态文件已导入
INFO     RFPContractMapPage:rfp_contract_map_page.py:225 切换至地图签约
INFO     RFPContractMapPage:rfp_contract_map_page.py:235 [OK] 已切换至地图签约
INFO     RFPContractMapPage:rfp_contract_map_page.py:268 点击价格状态页签: 议价中
INFO     RFPContractMapPage:rfp_contract_map_page.py:280 [OK] 已点击价格状态页签: 议价中
INFO     RFPContractMapPage:rfp_contract_map_page.py:293 点击首个酒店
INFO     RFPContractMapPage:rfp_contract_map_page.py:303 [OK] 已点击首个酒店
INFO     RFPContractMapPage:rfp_contract_map_page.py:436 开始点击查看报价详情按钮
INFO     RFPContractMapPage:rfp_contract_map_page.py:453 [OK] 报价详情页已打开
INFO     RFPDetailPageProject:rfp_detailPage_project.py:375 点击操作按钮: 确认中签
INFO     RFPDetailPageProject:rfp_detailPage_project.py:383 [OK] 已点击操作按钮: 确认中签
INFO     RFPDetailPageProject:rfp_detailPage_project.py:408 输入留言: 修改价格状态：议价中→已中签
INFO     RFPDetailPageProject:rfp_detailPage_project.py:417 [OK] 留言已输入
INFO     RFPDetailPageProject:rfp_detailPage_project.py:426 点击确定按钮
ERROR    RFPDetailPageProject:rfp_detailPage_project.py:439 点击确定按钮失败: Timeout 5000ms exceeded.
---------------------------- Captured log teardown ----------------------------
INFO     tests.operate.rfp_management.conftest:conftest.py:136 Test completed - page state will be reset for next test
----------------------------- Captured log setup ------------------------------
INFO     tests.operate.rfp_management.conftest:conftest.py:121 Resetting page to /home - ensuring consistent test state
INFO     tests.operate.rfp_management.conftest:conftest.py:128 Navigating to home page: https://testenv.fangcang.com/RFP/operate.html#/home
INFO     tests.operate.rfp_management.conftest:conftest.py:130 Page reset to /home - ready for test execution
------------------------------ Captured log call ------------------------------
INFO     tests.operate.rfp_management.test_rfp_detailPage_project:test_rfp_detailPage_project.py:368 Starting detail page price status change test, case: detail_price_004, project: 自动化测试项目-页面详情页价格变换, 议价中 → 已中签
INFO     RFPContractMapPage:rfp_contract_map_page.py:72 开始进入 /home 页面
INFO     RFPContractMapPage:base_page.py:24 Navigating to https://testenv.fangcang.com/RFP/operate.html#/home
INFO     RFPContractMapPage:rfp_contract_map_page.py:83 [OK] 已进入 /home 页面
INFO     RFPContractMapPage:rfp_contract_map_page.py:92 开始进入签约页面
INFO     RFPContractMapPage:rfp_contract_map_page.py:117 [OK] 已进入签约页面
INFO     RFPContractMapPage:rfp_contract_map_page.py:126 开始点击已启动 Tab
INFO     RFPContractMapPage:rfp_contract_map_page.py:138 [OK] 已点击已启动 Tab
INFO     RFPContractMapPage:rfp_contract_map_page.py:147 开始搜索项目: 自动化测试项目-页面详情页价格变换
INFO     RFPContractMapPage:rfp_contract_map_page.py:172 [OK] 项目搜索完成: 自动化测试项目-页面详情页价格变换
INFO     RFPContractMapPage:rfp_contract_map_page.py:181 开始点击首个去签约按钮
INFO     RFPContractMapPage:rfp_contract_map_page.py:193 [OK] 已点击去签约按钮
INFO     utils.excel_utils:excel_utils.py:59 签约状态导入文件已生成: D:\work_dev\RFP-NEW\rfp-ui-test\data\temp\RFP_detail_import_detail_price_004.xlsx
INFO     RFPContractMapPage:rfp_contract_map_page.py:206 切换至列表签约
INFO     RFPContractMapPage:rfp_contract_map_page.py:216 [OK] 已切换至列表签约
INFO     RFPContractMapPage:rfp_contract_map_page.py:248 导入签约状态文件: D:\work_dev\RFP-NEW\rfp-ui-test\data\temp\RFP_detail_import_detail_price_004.xlsx
INFO     RFPContractMapPage:rfp_contract_map_page.py:255 [OK] 签约状态文件已导入
INFO     RFPContractMapPage:rfp_contract_map_page.py:225 切换至地图签约
INFO     RFPContractMapPage:rfp_contract_map_page.py:235 [OK] 已切换至地图签约
INFO     RFPContractMapPage:rfp_contract_map_page.py:268 点击价格状态页签: 议价中
INFO     RFPContractMapPage:rfp_contract_map_page.py:280 [OK] 已点击价格状态页签: 议价中
INFO     RFPContractMapPage:rfp_contract_map_page.py:293 点击首个酒店
INFO     RFPContractMapPage:rfp_contract_map_page.py:303 [OK] 已点击首个酒店
INFO     RFPContractMapPage:rfp_contract_map_page.py:436 开始点击查看报价详情按钮
INFO     RFPContractMapPage:rfp_contract_map_page.py:453 [OK] 报价详情页已打开
INFO     RFPDetailPageProject:rfp_detailPage_project.py:375 点击操作按钮: 确认中签
INFO     RFPDetailPageProject:rfp_detailPage_project.py:383 [OK] 已点击操作按钮: 确认中签
INFO     RFPDetailPageProject:rfp_detailPage_project.py:408 输入留言: 修改价格状态：议价中→已中签
INFO     RFPDetailPageProject:rfp_detailPage_project.py:417 [OK] 留言已输入
INFO     RFPDetailPageProject:rfp_detailPage_project.py:426 点击确定按钮
ERROR    RFPDetailPageProject:rfp_detailPage_project.py:439 点击确定按钮失败: Timeout 5000ms exceeded.
---------------------------- Captured log teardown ----------------------------
INFO     tests.operate.rfp_management.conftest:conftest.py:136 Test completed - page state will be reset for next test
----------------------------- Captured log setup ------------------------------
INFO     tests.operate.rfp_management.conftest:conftest.py:121 Resetting page to /home - ensuring consistent test state
INFO     tests.operate.rfp_management.conftest:conftest.py:128 Navigating to home page: https://testenv.fangcang.com/RFP/operate.html#/home
INFO     tests.operate.rfp_management.conftest:conftest.py:130 Page reset to /home - ready for test execution
------------------------------ Captured log call ------------------------------
INFO     tests.operate.rfp_management.test_rfp_detailPage_project:test_rfp_detailPage_project.py:368 Starting detail page price status change test, case: detail_price_004, project: 自动化测试项目-页面详情页价格变换, 议价中 → 已中签
INFO     RFPContractMapPage:rfp_contract_map_page.py:72 开始进入 /home 页面
INFO     RFPContractMapPage:base_page.py:24 Navigating to https://testenv.fangcang.com/RFP/operate.html#/home
INFO     RFPContractMapPage:rfp_contract_map_page.py:83 [OK] 已进入 /home 页面
INFO     RFPContractMapPage:rfp_contract_map_page.py:92 开始进入签约页面
INFO     RFPContractMapPage:rfp_contract_map_page.py:117 [OK] 已进入签约页面
INFO     RFPContractMapPage:rfp_contract_map_page.py:126 开始点击已启动 Tab
INFO     RFPContractMapPage:rfp_contract_map_page.py:138 [OK] 已点击已启动 Tab
INFO     RFPContractMapPage:rfp_contract_map_page.py:147 开始搜索项目: 自动化测试项目-页面详情页价格变换
INFO     RFPContractMapPage:rfp_contract_map_page.py:172 [OK] 项目搜索完成: 自动化测试项目-页面详情页价格变换
INFO     RFPContractMapPage:rfp_contract_map_page.py:181 开始点击首个去签约按钮
INFO     RFPContractMapPage:rfp_contract_map_page.py:193 [OK] 已点击去签约按钮
INFO     utils.excel_utils:excel_utils.py:59 签约状态导入文件已生成: D:\work_dev\RFP-NEW\rfp-ui-test\data\temp\RFP_detail_import_detail_price_004.xlsx
INFO     RFPContractMapPage:rfp_contract_map_page.py:206 切换至列表签约
INFO     RFPContractMapPage:rfp_contract_map_page.py:216 [OK] 已切换至列表签约
INFO     RFPContractMapPage:rfp_contract_map_page.py:248 导入签约状态文件: D:\work_dev\RFP-NEW\rfp-ui-test\data\temp\RFP_detail_import_detail_price_004.xlsx
INFO     RFPContractMapPage:rfp_contract_map_page.py:255 [OK] 签约状态文件已导入
INFO     RFPContractMapPage:rfp_contract_map_page.py:225 切换至地图签约
INFO     RFPContractMapPage:rfp_contract_map_page.py:235 [OK] 已切换至地图签约
INFO     RFPContractMapPage:rfp_contract_map_page.py:268 点击价格状态页签: 议价中
INFO     RFPContractMapPage:rfp_contract_map_page.py:280 [OK] 已点击价格状态页签: 议价中
INFO     RFPContractMapPage:rfp_contract_map_page.py:293 点击首个酒店
INFO     RFPContractMapPage:rfp_contract_map_page.py:303 [OK] 已点击首个酒店
INFO     RFPContractMapPage:rfp_contract_map_page.py:436 开始点击查看报价详情按钮
INFO     RFPContractMapPage:rfp_contract_map_page.py:453 [OK] 报价详情页已打开
INFO     RFPDetailPageProject:rfp_detailPage_project.py:375 点击操作按钮: 确认中签
INFO     RFPDetailPageProject:rfp_detailPage_project.py:383 [OK] 已点击操作按钮: 确认中签
INFO     RFPDetailPageProject:rfp_detailPage_project.py:408 输入留言: 修改价格状态：议价中→已中签
INFO     RFPDetailPageProject:rfp_detailPage_project.py:417 [OK] 留言已输入
INFO     RFPDetailPageProject:rfp_detailPage_project.py:426 点击确定按钮
ERROR    RFPDetailPageProject:rfp_detailPage_project.py:439 点击确定按钮失败: Timeout 5000ms exceeded.
---------------------------- Captured log teardown ----------------------------
INFO     tests.operate.rfp_management.conftest:conftest.py:136 Test completed - page state will be reset for next test
----------------------------- Captured log setup ------------------------------
INFO     tests.operate.rfp_management.conftest:conftest.py:121 Resetting page to /home - ensuring consistent test state
INFO     tests.operate.rfp_management.conftest:conftest.py:128 Navigating to home page: https://testenv.fangcang.com/RFP/operate.html#/home
INFO     tests.operate.rfp_management.conftest:conftest.py:130 Page reset to /home - ready for test execution
------------------------------ Captured log call ------------------------------
INFO     tests.operate.rfp_management.test_rfp_detailPage_project:test_rfp_detailPage_project.py:368 Starting detail page price status change test, case: detail_price_004, project: 自动化测试项目-页面详情页价格变换, 议价中 → 已中签
INFO     RFPContractMapPage:rfp_contract_map_page.py:72 开始进入 /home 页面
INFO     RFPContractMapPage:base_page.py:24 Navigating to https://testenv.fangcang.com/RFP/operate.html#/home
INFO     RFPContractMapPage:rfp_contract_map_page.py:83 [OK] 已进入 /home 页面
INFO     RFPContractMapPage:rfp_contract_map_page.py:92 开始进入签约页面
INFO     RFPContractMapPage:rfp_contract_map_page.py:117 [OK] 已进入签约页面
INFO     RFPContractMapPage:rfp_contract_map_page.py:126 开始点击已启动 Tab
INFO     RFPContractMapPage:rfp_contract_map_page.py:138 [OK] 已点击已启动 Tab
INFO     RFPContractMapPage:rfp_contract_map_page.py:147 开始搜索项目: 自动化测试项目-页面详情页价格变换
INFO     RFPContractMapPage:rfp_contract_map_page.py:172 [OK] 项目搜索完成: 自动化测试项目-页面详情页价格变换
INFO     RFPContractMapPage:rfp_contract_map_page.py:181 开始点击首个去签约按钮
INFO     RFPContractMapPage:rfp_contract_map_page.py:193 [OK] 已点击去签约按钮
INFO     utils.excel_utils:excel_utils.py:59 签约状态导入文件已生成: D:\work_dev\RFP-NEW\rfp-ui-test\data\temp\RFP_detail_import_detail_price_004.xlsx
INFO     RFPContractMapPage:rfp_contract_map_page.py:206 切换至列表签约
INFO     RFPContractMapPage:rfp_contract_map_page.py:216 [OK] 已切换至列表签约
INFO     RFPContractMapPage:rfp_contract_map_page.py:248 导入签约状态文件: D:\work_dev\RFP-NEW\rfp-ui-test\data\temp\RFP_detail_import_detail_price_004.xlsx
INFO     RFPContractMapPage:rfp_contract_map_page.py:255 [OK] 签约状态文件已导入
INFO     RFPContractMapPage:rfp_contract_map_page.py:225 切换至地图签约
INFO     RFPContractMapPage:rfp_contract_map_page.py:235 [OK] 已切换至地图签约
INFO     RFPContractMapPage:rfp_contract_map_page.py:268 点击价格状态页签: 议价中
INFO     RFPContractMapPage:rfp_contract_map_page.py:280 [OK] 已点击价格状态页签: 议价中
INFO     RFPContractMapPage:rfp_contract_map_page.py:293 点击首个酒店
INFO     RFPContractMapPage:rfp_contract_map_page.py:303 [OK] 已点击首个酒店
INFO     RFPContractMapPage:rfp_contract_map_page.py:436 开始点击查看报价详情按钮
INFO     RFPContractMapPage:rfp_contract_map_page.py:453 [OK] 报价详情页已打开
INFO     RFPDetailPageProject:rfp_detailPage_project.py:375 点击操作按钮: 确认中签
INFO     RFPDetailPageProject:rfp_detailPage_project.py:383 [OK] 已点击操作按钮: 确认中签
INFO     RFPDetailPageProject:rfp_detailPage_project.py:408 输入留言: 修改价格状态：议价中→已中签
INFO     RFPDetailPageProject:rfp_detailPage_project.py:417 [OK] 留言已输入
INFO     RFPDetailPageProject:rfp_detailPage_project.py:426 点击确定按钮
ERROR    RFPDetailPageProject:rfp_detailPage_project.py:439 点击确定按钮失败: Timeout 5000ms exceeded.
---------------------------- Captured log teardown ----------------------------
INFO     tests.operate.rfp_management.conftest:conftest.py:136 Test completed - page state will be reset for next test
---------------------------- Captured log teardown ----------------------------
INFO     tests.operate.rfp_management.conftest:conftest.py:136 Test completed - page state will be reset for next test
---------------------------- Captured log teardown ----------------------------
INFO     tests.operate.rfp_management.conftest:conftest.py:136 Test completed - page state will be reset for next test
---------------------------- Captured log teardown ----------------------------
INFO     tests.operate.rfp_management.conftest:conftest.py:136 Test completed - page state will be reset for next test
_ TestCrossEndPriceStatusFlow.test_cross_end_price_status_flow[e2e_price_001] _
[gw3] win32 -- Python 3.12.0 D:\work_dev\RFP-NEW\rfp-ui-test\.venv\Scripts\python.exe
tests\e2e\test_cross_end_price_status_flow.py:167: in test_cross_end_price_status_flow
    await map_page.click_hotel_signed()
pages\operate\rfp_management\rfp_contract_map_page.py:357: in click_hotel_signed
    await btn.wait_for(timeout=timeout_config.get_element_timeout())
.venv\Lib\site-packages\playwright\async_api\_generated.py:18191: in wait_for
    await self._impl_obj.wait_for(timeout=timeout, state=state)
.venv\Lib\site-packages\playwright\_impl\_locator.py:670: in wait_for
    await self._frame.wait_for_selector(
.venv\Lib\site-packages\playwright\_impl\_frame.py:317: in wait_for_selector
    await self._channel.send("waitForSelector", locals_to_params(locals()))
.venv\Lib\site-packages\playwright\_impl\_connection.py:62: in send
    return await self._connection.wrap_api_call(
.venv\Lib\site-packages\playwright\_impl\_connection.py:492: in wrap_api_call
    return await cb()
.venv\Lib\site-packages\playwright\_impl\_connection.py:100: in inner_send
    result = next(iter(done)).result()
E   playwright._impl._errors.TimeoutError: Timeout 5000ms exceeded.
----------------------------- Captured log setup ------------------------------
INFO     tests.e2e.conftest:conftest.py:40 === 创建 Operate context + page ===
INFO     LoginPage:login_page.py:59 Logging in with mobile: 18390471001
INFO     LoginPage:login_page.py:29 Login URL: https://testenv.fangcang.com/RFP/login.html#/login
INFO     LoginPage:login_page.py:39 Server responded, waiting for form elements...
INFO     LoginPage:login_page.py:45 Login form elements rendered successfully
INFO     LoginPage:base_page.py:53 Filling input[placeholder="请输入手机号"] with 18390471001
INFO     LoginPage:base_page.py:53 Filling input[type="password"] with 666666
INFO     LoginPage:login_page.py:69 Clicking login button
INFO     LoginPage:base_page.py:58 Clicking button:has-text("登录")
INFO     LoginPage:login_page.py:81 Login successful. Current URL: https://testenv.fangcang.com/RFP/operate.html#/home?title=%E5%B7%A5%E4%BD%9C%E5%8F%B0
INFO     tests.e2e.conftest:conftest.py:52 === 创建 Hotel context + page ===
INFO     LoginPage:login_page.py:59 Logging in with mobile: 19100001002
INFO     LoginPage:login_page.py:29 Login URL: https://testenv.fangcang.com/RFP/login.html#/login
INFO     LoginPage:login_page.py:39 Server responded, waiting for form elements...
INFO     LoginPage:login_page.py:45 Login form elements rendered successfully
INFO     LoginPage:base_page.py:53 Filling input[placeholder="请输入手机号"] with 19100001002
INFO     LoginPage:base_page.py:53 Filling input[type="password"] with 666666
INFO     LoginPage:login_page.py:69 Clicking login button
INFO     LoginPage:base_page.py:58 Clicking button:has-text("登录")
INFO     LoginPage:login_page.py:81 Login successful. Current URL: https://testenv.fangcang.com/RFP/hotel.html#/home?title=%E5%B7%A5%E4%BD%9C%E5%8F%B0
INFO     tests.e2e.conftest:conftest.py:63 E2E 双端页面创建完成，Operate + Hotel 均已登录
------------------------------ Captured log call ------------------------------
INFO     RFPContractMapPage:rfp_contract_map_page.py:72 开始进入 /home 页面
INFO     RFPContractMapPage:base_page.py:24 Navigating to https://testenv.fangcang.com/RFP/operate.html#/home
INFO     RFPContractMapPage:rfp_contract_map_page.py:83 [OK] 已进入 /home 页面
INFO     RFPContractMapPage:rfp_contract_map_page.py:92 开始进入签约页面
INFO     RFPContractMapPage:rfp_contract_map_page.py:117 [OK] 已进入签约页面
INFO     RFPContractMapPage:rfp_contract_map_page.py:126 开始点击已启动 Tab
INFO     RFPContractMapPage:rfp_contract_map_page.py:138 [OK] 已点击已启动 Tab
INFO     RFPContractMapPage:rfp_contract_map_page.py:147 开始搜索项目: 自动化测试项目-价格变换
INFO     RFPContractMapPage:rfp_contract_map_page.py:172 [OK] 项目搜索完成: 自动化测试项目-价格变换
INFO     RFPContractMapPage:rfp_contract_map_page.py:181 开始点击首个去签约按钮
INFO     RFPContractMapPage:rfp_contract_map_page.py:193 [OK] 已点击去签约按钮
INFO     utils.excel_utils:excel_utils.py:59 签约状态导入文件已生成: D:\work_dev\RFP-NEW\rfp-ui-test\data\temp\RFP_e2e_import_e2e_price_001.xlsx
INFO     RFPContractMapPage:rfp_contract_map_page.py:206 切换至列表签约
INFO     RFPContractMapPage:rfp_contract_map_page.py:216 [OK] 已切换至列表签约
INFO     RFPContractMapPage:rfp_contract_map_page.py:248 导入签约状态文件: D:\work_dev\RFP-NEW\rfp-ui-test\data\temp\RFP_e2e_import_e2e_price_001.xlsx
INFO     RFPContractMapPage:rfp_contract_map_page.py:255 [OK] 签约状态文件已导入
INFO     RFPContractMapPage:rfp_contract_map_page.py:225 切换至地图签约
INFO     RFPContractMapPage:rfp_contract_map_page.py:235 [OK] 已切换至地图签约
INFO     HotelBiddingPage:hotel_bidding_page.py:42 进入酒店端工作台
INFO     HotelBiddingPage:base_page.py:24 Navigating to https://testenv.fangcang.com/RFP/hotel.html#/home
INFO     HotelBiddingPage:hotel_bidding_page.py:52 点击报价项目
INFO     HotelBiddingPage:hotel_bidding_page.py:61 点击议价中Tab
INFO     HotelBiddingPage:hotel_bidding_page.py:72 搜索项目: 自动化测试项目-价格变换, 酒店: 维也纳国际酒店(深圳大学城体育中心店)
INFO     HotelBiddingPage:hotel_bidding_page.py:96 点击修改报价
INFO     HotelBiddingPage:hotel_bidding_page.py:105 关闭备注留言弹窗
INFO     HotelBiddingPage:hotel_bidding_page.py:115 点击提交报价
INFO     HotelBiddingPage:hotel_bidding_page.py:127 二次确认弹窗 - 点击确定
INFO     HotelBiddingPage:hotel_bidding_page.py:127 二次确认弹窗 - 点击确定
INFO     HotelBiddingPage:hotel_bidding_page.py:138 验证操作成功toast
INFO     HotelBiddingPage:hotel_bidding_page.py:143 操作成功toast已出现
INFO     RFPContractMapPage:rfp_contract_map_page.py:268 点击价格状态页签: 修订报价
INFO     RFPContractMapPage:rfp_contract_map_page.py:280 [OK] 已点击价格状态页签: 修订报价
INFO     RFPContractMapPage:rfp_contract_map_page.py:312 验证当前价格状态页签下是否存在酒店
ERROR    RFPContractMapPage:rfp_contract_map_page.py:320 验证酒店存在失败: Timeout 5000ms exceeded.
---------------------------- Captured log teardown ----------------------------
INFO     tests.e2e.conftest:conftest.py:72 清理 E2E 双端页面
----------------------------- Captured log setup ------------------------------
INFO     tests.e2e.conftest:conftest.py:40 === 创建 Operate context + page ===
INFO     LoginPage:login_page.py:59 Logging in with mobile: 18390471001
INFO     LoginPage:login_page.py:29 Login URL: https://testenv.fangcang.com/RFP/login.html#/login
INFO     LoginPage:login_page.py:39 Server responded, waiting for form elements...
INFO     LoginPage:login_page.py:45 Login form elements rendered successfully
INFO     LoginPage:base_page.py:53 Filling input[placeholder="请输入手机号"] with 18390471001
INFO     LoginPage:base_page.py:53 Filling input[type="password"] with 666666
INFO     LoginPage:login_page.py:69 Clicking login button
INFO     LoginPage:base_page.py:58 Clicking button:has-text("登录")
INFO     LoginPage:login_page.py:81 Login successful. Current URL: https://testenv.fangcang.com/RFP/operate.html#/home?title=%E5%B7%A5%E4%BD%9C%E5%8F%B0
INFO     tests.e2e.conftest:conftest.py:52 === 创建 Hotel context + page ===
INFO     LoginPage:login_page.py:59 Logging in with mobile: 19100001002
INFO     LoginPage:login_page.py:29 Login URL: https://testenv.fangcang.com/RFP/login.html#/login
INFO     LoginPage:login_page.py:39 Server responded, waiting for form elements...
INFO     LoginPage:login_page.py:45 Login form elements rendered successfully
INFO     LoginPage:base_page.py:53 Filling input[placeholder="请输入手机号"] with 19100001002
INFO     LoginPage:base_page.py:53 Filling input[type="password"] with 666666
INFO     LoginPage:login_page.py:69 Clicking login button
INFO     LoginPage:base_page.py:58 Clicking button:has-text("登录")
INFO     LoginPage:login_page.py:81 Login successful. Current URL: https://testenv.fangcang.com/RFP/hotel.html#/home?title=%E5%B7%A5%E4%BD%9C%E5%8F%B0
INFO     tests.e2e.conftest:conftest.py:63 E2E 双端页面创建完成，Operate + Hotel 均已登录
------------------------------ Captured log call ------------------------------
INFO     RFPContractMapPage:rfp_contract_map_page.py:72 开始进入 /home 页面
INFO     RFPContractMapPage:base_page.py:24 Navigating to https://testenv.fangcang.com/RFP/operate.html#/home
INFO     RFPContractMapPage:rfp_contract_map_page.py:83 [OK] 已进入 /home 页面
INFO     RFPContractMapPage:rfp_contract_map_page.py:92 开始进入签约页面
INFO     RFPContractMapPage:rfp_contract_map_page.py:117 [OK] 已进入签约页面
INFO     RFPContractMapPage:rfp_contract_map_page.py:126 开始点击已启动 Tab
INFO     RFPContractMapPage:rfp_contract_map_page.py:138 [OK] 已点击已启动 Tab
INFO     RFPContractMapPage:rfp_contract_map_page.py:147 开始搜索项目: 自动化测试项目-价格变换
INFO     RFPContractMapPage:rfp_contract_map_page.py:172 [OK] 项目搜索完成: 自动化测试项目-价格变换
INFO     RFPContractMapPage:rfp_contract_map_page.py:181 开始点击首个去签约按钮
INFO     RFPContractMapPage:rfp_contract_map_page.py:193 [OK] 已点击去签约按钮
INFO     utils.excel_utils:excel_utils.py:59 签约状态导入文件已生成: D:\work_dev\RFP-NEW\rfp-ui-test\data\temp\RFP_e2e_import_e2e_price_001.xlsx
INFO     RFPContractMapPage:rfp_contract_map_page.py:206 切换至列表签约
INFO     RFPContractMapPage:rfp_contract_map_page.py:216 [OK] 已切换至列表签约
INFO     RFPContractMapPage:rfp_contract_map_page.py:248 导入签约状态文件: D:\work_dev\RFP-NEW\rfp-ui-test\data\temp\RFP_e2e_import_e2e_price_001.xlsx
INFO     RFPContractMapPage:rfp_contract_map_page.py:255 [OK] 签约状态文件已导入
INFO     RFPContractMapPage:rfp_contract_map_page.py:225 切换至地图签约
INFO     RFPContractMapPage:rfp_contract_map_page.py:235 [OK] 已切换至地图签约
INFO     HotelBiddingPage:hotel_bidding_page.py:42 进入酒店端工作台
INFO     HotelBiddingPage:base_page.py:24 Navigating to https://testenv.fangcang.com/RFP/hotel.html#/home
INFO     HotelBiddingPage:hotel_bidding_page.py:52 点击报价项目
INFO     HotelBiddingPage:hotel_bidding_page.py:61 点击议价中Tab
INFO     HotelBiddingPage:hotel_bidding_page.py:72 搜索项目: 自动化测试项目-价格变换, 酒店: 维也纳国际酒店(深圳大学城体育中心店)
INFO     HotelBiddingPage:hotel_bidding_page.py:96 点击修改报价
INFO     HotelBiddingPage:hotel_bidding_page.py:105 关闭备注留言弹窗
INFO     HotelBiddingPage:hotel_bidding_page.py:115 点击提交报价
INFO     HotelBiddingPage:hotel_bidding_page.py:127 二次确认弹窗 - 点击确定
INFO     HotelBiddingPage:hotel_bidding_page.py:127 二次确认弹窗 - 点击确定
INFO     HotelBiddingPage:hotel_bidding_page.py:138 验证操作成功toast
INFO     HotelBiddingPage:hotel_bidding_page.py:143 操作成功toast已出现
INFO     RFPContractMapPage:rfp_contract_map_page.py:268 点击价格状态页签: 修订报价
INFO     RFPContractMapPage:rfp_contract_map_page.py:280 [OK] 已点击价格状态页签: 修订报价
INFO     RFPContractMapPage:rfp_contract_map_page.py:312 验证当前价格状态页签下是否存在酒店
INFO     RFPContractMapPage:rfp_contract_map_page.py:317 酒店存在: True
INFO     RFPContractMapPage:rfp_contract_map_page.py:293 点击首个酒店
INFO     RFPContractMapPage:rfp_contract_map_page.py:303 [OK] 已点击首个酒店
INFO     RFPContractMapPage:rfp_contract_map_page.py:349 点击中签按钮
ERROR    RFPContractMapPage:rfp_contract_map_page.py:363 点击中签按钮失败: Timeout 5000ms exceeded.
---------------------------- Captured log teardown ----------------------------
INFO     tests.e2e.conftest:conftest.py:72 清理 E2E 双端页面
----------------------------- Captured log setup ------------------------------
INFO     tests.e2e.conftest:conftest.py:40 === 创建 Operate context + page ===
INFO     LoginPage:login_page.py:59 Logging in with mobile: 18390471001
INFO     LoginPage:login_page.py:29 Login URL: https://testenv.fangcang.com/RFP/login.html#/login
INFO     LoginPage:login_page.py:39 Server responded, waiting for form elements...
INFO     LoginPage:login_page.py:45 Login form elements rendered successfully
INFO     LoginPage:base_page.py:53 Filling input[placeholder="请输入手机号"] with 18390471001
INFO     LoginPage:base_page.py:53 Filling input[type="password"] with 666666
INFO     LoginPage:login_page.py:69 Clicking login button
INFO     LoginPage:base_page.py:58 Clicking button:has-text("登录")
INFO     LoginPage:login_page.py:81 Login successful. Current URL: https://testenv.fangcang.com/RFP/operate.html#/home?title=%E5%B7%A5%E4%BD%9C%E5%8F%B0
INFO     tests.e2e.conftest:conftest.py:52 === 创建 Hotel context + page ===
INFO     LoginPage:login_page.py:59 Logging in with mobile: 19100001002
INFO     LoginPage:login_page.py:29 Login URL: https://testenv.fangcang.com/RFP/login.html#/login
INFO     LoginPage:login_page.py:39 Server responded, waiting for form elements...
INFO     LoginPage:login_page.py:45 Login form elements rendered successfully
INFO     LoginPage:base_page.py:53 Filling input[placeholder="请输入手机号"] with 19100001002
INFO     LoginPage:base_page.py:53 Filling input[type="password"] with 666666
INFO     LoginPage:login_page.py:69 Clicking login button
INFO     LoginPage:base_page.py:58 Clicking button:has-text("登录")
INFO     LoginPage:login_page.py:81 Login successful. Current URL: https://testenv.fangcang.com/RFP/hotel.html#/home?title=%E5%B7%A5%E4%BD%9C%E5%8F%B0
INFO     tests.e2e.conftest:conftest.py:63 E2E 双端页面创建完成，Operate + Hotel 均已登录
------------------------------ Captured log call ------------------------------
INFO     RFPContractMapPage:rfp_contract_map_page.py:72 开始进入 /home 页面
INFO     RFPContractMapPage:base_page.py:24 Navigating to https://testenv.fangcang.com/RFP/operate.html#/home
INFO     RFPContractMapPage:rfp_contract_map_page.py:83 [OK] 已进入 /home 页面
INFO     RFPContractMapPage:rfp_contract_map_page.py:92 开始进入签约页面
INFO     RFPContractMapPage:rfp_contract_map_page.py:117 [OK] 已进入签约页面
INFO     RFPContractMapPage:rfp_contract_map_page.py:126 开始点击已启动 Tab
INFO     RFPContractMapPage:rfp_contract_map_page.py:138 [OK] 已点击已启动 Tab
INFO     RFPContractMapPage:rfp_contract_map_page.py:147 开始搜索项目: 自动化测试项目-价格变换
INFO     RFPContractMapPage:rfp_contract_map_page.py:172 [OK] 项目搜索完成: 自动化测试项目-价格变换
INFO     RFPContractMapPage:rfp_contract_map_page.py:181 开始点击首个去签约按钮
INFO     RFPContractMapPage:rfp_contract_map_page.py:193 [OK] 已点击去签约按钮
INFO     utils.excel_utils:excel_utils.py:59 签约状态导入文件已生成: D:\work_dev\RFP-NEW\rfp-ui-test\data\temp\RFP_e2e_import_e2e_price_001.xlsx
INFO     RFPContractMapPage:rfp_contract_map_page.py:206 切换至列表签约
INFO     RFPContractMapPage:rfp_contract_map_page.py:216 [OK] 已切换至列表签约
INFO     RFPContractMapPage:rfp_contract_map_page.py:248 导入签约状态文件: D:\work_dev\RFP-NEW\rfp-ui-test\data\temp\RFP_e2e_import_e2e_price_001.xlsx
INFO     RFPContractMapPage:rfp_contract_map_page.py:255 [OK] 签约状态文件已导入
INFO     RFPContractMapPage:rfp_contract_map_page.py:225 切换至地图签约
INFO     RFPContractMapPage:rfp_contract_map_page.py:235 [OK] 已切换至地图签约
INFO     HotelBiddingPage:hotel_bidding_page.py:42 进入酒店端工作台
INFO     HotelBiddingPage:base_page.py:24 Navigating to https://testenv.fangcang.com/RFP/hotel.html#/home
INFO     HotelBiddingPage:hotel_bidding_page.py:52 点击报价项目
INFO     HotelBiddingPage:hotel_bidding_page.py:61 点击议价中Tab
INFO     HotelBiddingPage:hotel_bidding_page.py:72 搜索项目: 自动化测试项目-价格变换, 酒店: 维也纳国际酒店(深圳大学城体育中心店)
INFO     HotelBiddingPage:hotel_bidding_page.py:96 点击修改报价
INFO     HotelBiddingPage:hotel_bidding_page.py:105 关闭备注留言弹窗
INFO     HotelBiddingPage:hotel_bidding_page.py:115 点击提交报价
INFO     HotelBiddingPage:hotel_bidding_page.py:127 二次确认弹窗 - 点击确定
INFO     HotelBiddingPage:hotel_bidding_page.py:127 二次确认弹窗 - 点击确定
INFO     HotelBiddingPage:hotel_bidding_page.py:138 验证操作成功toast
INFO     HotelBiddingPage:hotel_bidding_page.py:143 操作成功toast已出现
INFO     RFPContractMapPage:rfp_contract_map_page.py:268 点击价格状态页签: 修订报价
INFO     RFPContractMapPage:rfp_contract_map_page.py:280 [OK] 已点击价格状态页签: 修订报价
INFO     RFPContractMapPage:rfp_contract_map_page.py:312 验证当前价格状态页签下是否存在酒店
ERROR    RFPContractMapPage:rfp_contract_map_page.py:320 验证酒店存在失败: Timeout 5000ms exceeded.
---------------------------- Captured log teardown ----------------------------
INFO     tests.e2e.conftest:conftest.py:72 清理 E2E 双端页面
----------------------------- Captured log setup ------------------------------
INFO     tests.e2e.conftest:conftest.py:40 === 创建 Operate context + page ===
INFO     LoginPage:login_page.py:59 Logging in with mobile: 18390471001
INFO     LoginPage:login_page.py:29 Login URL: https://testenv.fangcang.com/RFP/login.html#/login
INFO     LoginPage:login_page.py:39 Server responded, waiting for form elements...
INFO     LoginPage:login_page.py:45 Login form elements rendered successfully
INFO     LoginPage:base_page.py:53 Filling input[placeholder="请输入手机号"] with 18390471001
INFO     LoginPage:base_page.py:53 Filling input[type="password"] with 666666
INFO     LoginPage:login_page.py:69 Clicking login button
INFO     LoginPage:base_page.py:58 Clicking button:has-text("登录")
INFO     LoginPage:login_page.py:81 Login successful. Current URL: https://testenv.fangcang.com/RFP/operate.html#/home?title=%E5%B7%A5%E4%BD%9C%E5%8F%B0
INFO     tests.e2e.conftest:conftest.py:52 === 创建 Hotel context + page ===
INFO     LoginPage:login_page.py:59 Logging in with mobile: 19100001002
INFO     LoginPage:login_page.py:29 Login URL: https://testenv.fangcang.com/RFP/login.html#/login
INFO     LoginPage:login_page.py:39 Server responded, waiting for form elements...
INFO     LoginPage:login_page.py:45 Login form elements rendered successfully
INFO     LoginPage:base_page.py:53 Filling input[placeholder="请输入手机号"] with 19100001002
INFO     LoginPage:base_page.py:53 Filling input[type="password"] with 666666
INFO     LoginPage:login_page.py:69 Clicking login button
INFO     LoginPage:base_page.py:58 Clicking button:has-text("登录")
INFO     LoginPage:login_page.py:81 Login successful. Current URL: https://testenv.fangcang.com/RFP/hotel.html#/home?title=%E5%B7%A5%E4%BD%9C%E5%8F%B0
INFO     tests.e2e.conftest:conftest.py:63 E2E 双端页面创建完成，Operate + Hotel 均已登录
------------------------------ Captured log call ------------------------------
INFO     RFPContractMapPage:rfp_contract_map_page.py:72 开始进入 /home 页面
INFO     RFPContractMapPage:base_page.py:24 Navigating to https://testenv.fangcang.com/RFP/operate.html#/home
INFO     RFPContractMapPage:rfp_contract_map_page.py:83 [OK] 已进入 /home 页面
INFO     RFPContractMapPage:rfp_contract_map_page.py:92 开始进入签约页面
INFO     RFPContractMapPage:rfp_contract_map_page.py:117 [OK] 已进入签约页面
INFO     RFPContractMapPage:rfp_contract_map_page.py:126 开始点击已启动 Tab
INFO     RFPContractMapPage:rfp_contract_map_page.py:138 [OK] 已点击已启动 Tab
INFO     RFPContractMapPage:rfp_contract_map_page.py:147 开始搜索项目: 自动化测试项目-价格变换
INFO     RFPContractMapPage:rfp_contract_map_page.py:172 [OK] 项目搜索完成: 自动化测试项目-价格变换
INFO     RFPContractMapPage:rfp_contract_map_page.py:181 开始点击首个去签约按钮
INFO     RFPContractMapPage:rfp_contract_map_page.py:193 [OK] 已点击去签约按钮
INFO     utils.excel_utils:excel_utils.py:59 签约状态导入文件已生成: D:\work_dev\RFP-NEW\rfp-ui-test\data\temp\RFP_e2e_import_e2e_price_001.xlsx
INFO     RFPContractMapPage:rfp_contract_map_page.py:206 切换至列表签约
INFO     RFPContractMapPage:rfp_contract_map_page.py:216 [OK] 已切换至列表签约
INFO     RFPContractMapPage:rfp_contract_map_page.py:248 导入签约状态文件: D:\work_dev\RFP-NEW\rfp-ui-test\data\temp\RFP_e2e_import_e2e_price_001.xlsx
INFO     RFPContractMapPage:rfp_contract_map_page.py:255 [OK] 签约状态文件已导入
INFO     RFPContractMapPage:rfp_contract_map_page.py:225 切换至地图签约
INFO     RFPContractMapPage:rfp_contract_map_page.py:235 [OK] 已切换至地图签约
INFO     HotelBiddingPage:hotel_bidding_page.py:42 进入酒店端工作台
INFO     HotelBiddingPage:base_page.py:24 Navigating to https://testenv.fangcang.com/RFP/hotel.html#/home
INFO     HotelBiddingPage:hotel_bidding_page.py:52 点击报价项目
INFO     HotelBiddingPage:hotel_bidding_page.py:61 点击议价中Tab
INFO     HotelBiddingPage:hotel_bidding_page.py:72 搜索项目: 自动化测试项目-价格变换, 酒店: 维也纳国际酒店(深圳大学城体育中心店)
INFO     HotelBiddingPage:hotel_bidding_page.py:96 点击修改报价
INFO     HotelBiddingPage:hotel_bidding_page.py:105 关闭备注留言弹窗
INFO     HotelBiddingPage:hotel_bidding_page.py:115 点击提交报价
INFO     HotelBiddingPage:hotel_bidding_page.py:127 二次确认弹窗 - 点击确定
INFO     HotelBiddingPage:hotel_bidding_page.py:127 二次确认弹窗 - 点击确定
INFO     HotelBiddingPage:hotel_bidding_page.py:138 验证操作成功toast
INFO     HotelBiddingPage:hotel_bidding_page.py:143 操作成功toast已出现
INFO     RFPContractMapPage:rfp_contract_map_page.py:268 点击价格状态页签: 修订报价
INFO     RFPContractMapPage:rfp_contract_map_page.py:280 [OK] 已点击价格状态页签: 修订报价
INFO     RFPContractMapPage:rfp_contract_map_page.py:312 验证当前价格状态页签下是否存在酒店
INFO     RFPContractMapPage:rfp_contract_map_page.py:317 酒店存在: True
INFO     RFPContractMapPage:rfp_contract_map_page.py:293 点击首个酒店
INFO     RFPContractMapPage:rfp_contract_map_page.py:303 [OK] 已点击首个酒店
INFO     RFPContractMapPage:rfp_contract_map_page.py:349 点击中签按钮
ERROR    RFPContractMapPage:rfp_contract_map_page.py:363 点击中签按钮失败: Timeout 5000ms exceeded.
---------------------------- Captured log teardown ----------------------------
INFO     tests.e2e.conftest:conftest.py:72 清理 E2E 双端页面
---------------------------- Captured log teardown ----------------------------
INFO     tests.e2e.conftest:conftest.py:72 清理 E2E 双端页面
---------------------------- Captured log teardown ----------------------------
INFO     tests.e2e.conftest:conftest.py:72 清理 E2E 双端页面
---------------------------- Captured log teardown ----------------------------
INFO     tests.e2e.conftest:conftest.py:72 清理 E2E 双端页面
___________ TestRFPContractList.test_filter_by_org_name[case_data0] ___________
[gw2] win32 -- Python 3.12.0 D:\work_dev\RFP-NEW\rfp-ui-test\.venv\Scripts\python.exe
tests\operate\rfp_management\test_rfp_contract_list.py:181: in test_filter_by_org_name
    await contract_list_page.search_by_org_name(case_data["org_name"])
pages\operate\rfp_management\rfp_contract_list_page.py:319: in search_by_org_name
    await panel.wait_for(timeout=timeout_config.get_element_timeout())
.venv\Lib\site-packages\playwright\async_api\_generated.py:18191: in wait_for
    await self._impl_obj.wait_for(timeout=timeout, state=state)
.venv\Lib\site-packages\playwright\_impl\_locator.py:670: in wait_for
    await self._frame.wait_for_selector(
.venv\Lib\site-packages\playwright\_impl\_frame.py:317: in wait_for_selector
    await self._channel.send("waitForSelector", locals_to_params(locals()))
.venv\Lib\site-packages\playwright\_impl\_connection.py:62: in send
    return await self._connection.wrap_api_call(
.venv\Lib\site-packages\playwright\_impl\_connection.py:492: in wrap_api_call
    return await cb()
.venv\Lib\site-packages\playwright\_impl\_connection.py:100: in inner_send
    result = next(iter(done)).result()
E   playwright._impl._errors.TimeoutError: Timeout 5000ms exceeded.
----------------------------- Captured log setup ------------------------------
INFO     tests.operate.rfp_management.conftest:conftest.py:121 Resetting page to /home - ensuring consistent test state
INFO     tests.operate.rfp_management.conftest:conftest.py:128 Navigating to home page: https://testenv.fangcang.com/RFP/operate.html#/home
INFO     tests.operate.rfp_management.conftest:conftest.py:130 Page reset to /home - ready for test execution
------------------------------ Captured log call ------------------------------
INFO     tests.operate.rfp_management.test_rfp_contract_list:test_rfp_contract_list.py:173 Starting SIGN-LIST-007: 按机构名筛选
INFO     RFPContractListPage:rfp_contract_list_page.py:97 开始进入 /home 页面
INFO     RFPContractListPage:base_page.py:24 Navigating to https://testenv.fangcang.com/RFP/operate.html#/home
INFO     RFPContractListPage:rfp_contract_list_page.py:105 [OK] 已进入 /home 页面
INFO     RFPContractListPage:rfp_contract_list_page.py:109 开始通过菜单进入签约页面
INFO     RFPContractListPage:rfp_contract_list_page.py:120 '签约'子菜单已可见，直接点击
INFO     RFPContractListPage:rfp_contract_list_page.py:123 [OK] 已进入签约页面
INFO     RFPContractListPage:rfp_contract_list_page.py:313 按机构名筛选: 测试机构hy
INFO     RFPContractListPage:rfp_contract_list_page.py:323 已选择机构名下拉选项: 测试机构hy
INFO     RFPContractListPage:rfp_contract_list_page.py:328 机构名筛选完成: 测试机构hy
INFO     RFPContractListPage:rfp_contract_list_page.py:451 验证列表是否为空
INFO     RFPContractListPage:rfp_contract_list_page.py:460 列表行数: 0
---------------------------- Captured log teardown ----------------------------
INFO     tests.operate.rfp_management.conftest:conftest.py:136 Test completed - page state will be reset for next test
----------------------------- Captured log setup ------------------------------
INFO     tests.operate.rfp_management.conftest:conftest.py:121 Resetting page to /home - ensuring consistent test state
INFO     tests.operate.rfp_management.conftest:conftest.py:128 Navigating to home page: https://testenv.fangcang.com/RFP/operate.html#/home
INFO     tests.operate.rfp_management.conftest:conftest.py:130 Page reset to /home - ready for test execution
------------------------------ Captured log call ------------------------------
INFO     tests.operate.rfp_management.test_rfp_contract_list:test_rfp_contract_list.py:173 Starting SIGN-LIST-007: 按机构名筛选
INFO     RFPContractListPage:rfp_contract_list_page.py:97 开始进入 /home 页面
INFO     RFPContractListPage:base_page.py:24 Navigating to https://testenv.fangcang.com/RFP/operate.html#/home
INFO     RFPContractListPage:rfp_contract_list_page.py:105 [OK] 已进入 /home 页面
INFO     RFPContractListPage:rfp_contract_list_page.py:109 开始通过菜单进入签约页面
INFO     RFPContractListPage:rfp_contract_list_page.py:120 '签约'子菜单已可见，直接点击
INFO     RFPContractListPage:rfp_contract_list_page.py:123 [OK] 已进入签约页面
INFO     RFPContractListPage:rfp_contract_list_page.py:313 按机构名筛选: 测试机构hy
---------------------------- Captured log teardown ----------------------------
INFO     tests.operate.rfp_management.conftest:conftest.py:136 Test completed - page state will be reset for next test
----------------------------- Captured log setup ------------------------------
INFO     tests.operate.rfp_management.conftest:conftest.py:121 Resetting page to /home - ensuring consistent test state
INFO     tests.operate.rfp_management.conftest:conftest.py:128 Navigating to home page: https://testenv.fangcang.com/RFP/operate.html#/home
INFO     tests.operate.rfp_management.conftest:conftest.py:130 Page reset to /home - ready for test execution
------------------------------ Captured log call ------------------------------
INFO     tests.operate.rfp_management.test_rfp_contract_list:test_rfp_contract_list.py:173 Starting SIGN-LIST-007: 按机构名筛选
INFO     RFPContractListPage:rfp_contract_list_page.py:97 开始进入 /home 页面
INFO     RFPContractListPage:base_page.py:24 Navigating to https://testenv.fangcang.com/RFP/operate.html#/home
INFO     RFPContractListPage:rfp_contract_list_page.py:105 [OK] 已进入 /home 页面
INFO     RFPContractListPage:rfp_contract_list_page.py:109 开始通过菜单进入签约页面
INFO     RFPContractListPage:rfp_contract_list_page.py:120 '签约'子菜单已可见，直接点击
INFO     RFPContractListPage:rfp_contract_list_page.py:123 [OK] 已进入签约页面
INFO     RFPContractListPage:rfp_contract_list_page.py:313 按机构名筛选: 测试机构hy
---------------------------- Captured log teardown ----------------------------
INFO     tests.operate.rfp_management.conftest:conftest.py:136 Test completed - page state will be reset for next test
----------------------------- Captured log setup ------------------------------
INFO     tests.operate.rfp_management.conftest:conftest.py:121 Resetting page to /home - ensuring consistent test state
INFO     tests.operate.rfp_management.conftest:conftest.py:128 Navigating to home page: https://testenv.fangcang.com/RFP/operate.html#/home
INFO     tests.operate.rfp_management.conftest:conftest.py:130 Page reset to /home - ready for test execution
------------------------------ Captured log call ------------------------------
INFO     tests.operate.rfp_management.test_rfp_contract_list:test_rfp_contract_list.py:173 Starting SIGN-LIST-007: 按机构名筛选
INFO     RFPContractListPage:rfp_contract_list_page.py:97 开始进入 /home 页面
INFO     RFPContractListPage:base_page.py:24 Navigating to https://testenv.fangcang.com/RFP/operate.html#/home
INFO     RFPContractListPage:rfp_contract_list_page.py:105 [OK] 已进入 /home 页面
INFO     RFPContractListPage:rfp_contract_list_page.py:109 开始通过菜单进入签约页面
INFO     RFPContractListPage:rfp_contract_list_page.py:120 '签约'子菜单已可见，直接点击
INFO     RFPContractListPage:rfp_contract_list_page.py:123 [OK] 已进入签约页面
INFO     RFPContractListPage:rfp_contract_list_page.py:313 按机构名筛选: 测试机构hy
---------------------------- Captured log teardown ----------------------------
INFO     tests.operate.rfp_management.conftest:conftest.py:136 Test completed - page state will be reset for next test
---------------------------- Captured log teardown ----------------------------
INFO     tests.operate.rfp_management.conftest:conftest.py:136 Test completed - page state will be reset for next test
---------------------------- Captured log teardown ----------------------------
INFO     tests.operate.rfp_management.conftest:conftest.py:136 Test completed - page state will be reset for next test
---------------------------- Captured log teardown ----------------------------
INFO     tests.operate.rfp_management.conftest:conftest.py:136 Test completed - page state will be reset for next test
_________ TestRFPContractList.test_filter_by_project_name[case_data0] _________
[gw2] win32 -- Python 3.12.0 D:\work_dev\RFP-NEW\rfp-ui-test\.venv\Scripts\python.exe
tests\operate\rfp_management\test_rfp_contract_list.py:212: in test_filter_by_project_name
    assert found, f"列表中未找到项目: {case_data['project_name']}"
E   AssertionError: 列表中未找到项目: 自动化测试项目-固定未启动列
E   assert False
----------------------------- Captured log setup ------------------------------
INFO     tests.operate.rfp_management.conftest:conftest.py:121 Resetting page to /home - ensuring consistent test state
INFO     tests.operate.rfp_management.conftest:conftest.py:128 Navigating to home page: https://testenv.fangcang.com/RFP/operate.html#/home
INFO     tests.operate.rfp_management.conftest:conftest.py:130 Page reset to /home - ready for test execution
------------------------------ Captured log call ------------------------------
INFO     tests.operate.rfp_management.test_rfp_contract_list:test_rfp_contract_list.py:200 Starting SIGN-LIST-008: 按签约项目名称筛选
INFO     RFPContractListPage:rfp_contract_list_page.py:97 开始进入 /home 页面
INFO     RFPContractListPage:base_page.py:24 Navigating to https://testenv.fangcang.com/RFP/operate.html#/home
INFO     RFPContractListPage:rfp_contract_list_page.py:105 [OK] 已进入 /home 页面
INFO     RFPContractListPage:rfp_contract_list_page.py:109 开始通过菜单进入签约页面
INFO     RFPContractListPage:rfp_contract_list_page.py:120 '签约'子菜单已可见，直接点击
INFO     RFPContractListPage:rfp_contract_list_page.py:123 [OK] 已进入签约页面
INFO     RFPContractListPage:rfp_contract_list_page.py:301 按签约项目名称筛选: 自动化测试项目-固定未启动列
INFO     RFPContractListPage:rfp_contract_list_page.py:309 签约项目名称筛选完成: 自动化测试项目-固定未启动列
INFO     RFPContractListPage:rfp_contract_list_page.py:465 验证列表中存在项目: 自动化测试项目-固定未启动列
WARNING  RFPContractListPage:rfp_contract_list_page.py:472 列表中未找到项目: 自动化测试项目-固定未启动列
---------------------------- Captured log teardown ----------------------------
INFO     tests.operate.rfp_management.conftest:conftest.py:136 Test completed - page state will be reset for next test
----------------------------- Captured log setup ------------------------------
INFO     tests.operate.rfp_management.conftest:conftest.py:121 Resetting page to /home - ensuring consistent test state
INFO     tests.operate.rfp_management.conftest:conftest.py:128 Navigating to home page: https://testenv.fangcang.com/RFP/operate.html#/home
INFO     tests.operate.rfp_management.conftest:conftest.py:130 Page reset to /home - ready for test execution
------------------------------ Captured log call ------------------------------
INFO     tests.operate.rfp_management.test_rfp_contract_list:test_rfp_contract_list.py:200 Starting SIGN-LIST-008: 按签约项目名称筛选
INFO     RFPContractListPage:rfp_contract_list_page.py:97 开始进入 /home 页面
INFO     RFPContractListPage:base_page.py:24 Navigating to https://testenv.fangcang.com/RFP/operate.html#/home
INFO     RFPContractListPage:rfp_contract_list_page.py:105 [OK] 已进入 /home 页面
INFO     RFPContractListPage:rfp_contract_list_page.py:109 开始通过菜单进入签约页面
INFO     RFPContractListPage:rfp_contract_list_page.py:120 '签约'子菜单已可见，直接点击
INFO     RFPContractListPage:rfp_contract_list_page.py:123 [OK] 已进入签约页面
INFO     RFPContractListPage:rfp_contract_list_page.py:301 按签约项目名称筛选: 自动化测试项目-固定未启动列
INFO     RFPContractListPage:rfp_contract_list_page.py:309 签约项目名称筛选完成: 自动化测试项目-固定未启动列
INFO     RFPContractListPage:rfp_contract_list_page.py:465 验证列表中存在项目: 自动化测试项目-固定未启动列
WARNING  RFPContractListPage:rfp_contract_list_page.py:472 列表中未找到项目: 自动化测试项目-固定未启动列
---------------------------- Captured log teardown ----------------------------
INFO     tests.operate.rfp_management.conftest:conftest.py:136 Test completed - page state will be reset for next test
----------------------------- Captured log setup ------------------------------
INFO     tests.operate.rfp_management.conftest:conftest.py:121 Resetting page to /home - ensuring consistent test state
INFO     tests.operate.rfp_management.conftest:conftest.py:128 Navigating to home page: https://testenv.fangcang.com/RFP/operate.html#/home
INFO     tests.operate.rfp_management.conftest:conftest.py:130 Page reset to /home - ready for test execution
------------------------------ Captured log call ------------------------------
INFO     tests.operate.rfp_management.test_rfp_contract_list:test_rfp_contract_list.py:200 Starting SIGN-LIST-008: 按签约项目名称筛选
INFO     RFPContractListPage:rfp_contract_list_page.py:97 开始进入 /home 页面
INFO     RFPContractListPage:base_page.py:24 Navigating to https://testenv.fangcang.com/RFP/operate.html#/home
INFO     RFPContractListPage:rfp_contract_list_page.py:105 [OK] 已进入 /home 页面
INFO     RFPContractListPage:rfp_contract_list_page.py:109 开始通过菜单进入签约页面
INFO     RFPContractListPage:rfp_contract_list_page.py:120 '签约'子菜单已可见，直接点击
INFO     RFPContractListPage:rfp_contract_list_page.py:123 [OK] 已进入签约页面
INFO     RFPContractListPage:rfp_contract_list_page.py:301 按签约项目名称筛选: 自动化测试项目-固定未启动列
INFO     RFPContractListPage:rfp_contract_list_page.py:309 签约项目名称筛选完成: 自动化测试项目-固定未启动列
INFO     RFPContractListPage:rfp_contract_list_page.py:465 验证列表中存在项目: 自动化测试项目-固定未启动列
WARNING  RFPContractListPage:rfp_contract_list_page.py:472 列表中未找到项目: 自动化测试项目-固定未启动列
---------------------------- Captured log teardown ----------------------------
INFO     tests.operate.rfp_management.conftest:conftest.py:136 Test completed - page state will be reset for next test
----------------------------- Captured log setup ------------------------------
INFO     tests.operate.rfp_management.conftest:conftest.py:121 Resetting page to /home - ensuring consistent test state
INFO     tests.operate.rfp_management.conftest:conftest.py:128 Navigating to home page: https://testenv.fangcang.com/RFP/operate.html#/home
INFO     tests.operate.rfp_management.conftest:conftest.py:130 Page reset to /home - ready for test execution
------------------------------ Captured log call ------------------------------
INFO     tests.operate.rfp_management.test_rfp_contract_list:test_rfp_contract_list.py:200 Starting SIGN-LIST-008: 按签约项目名称筛选
INFO     RFPContractListPage:rfp_contract_list_page.py:97 开始进入 /home 页面
INFO     RFPContractListPage:base_page.py:24 Navigating to https://testenv.fangcang.com/RFP/operate.html#/home
INFO     RFPContractListPage:rfp_contract_list_page.py:105 [OK] 已进入 /home 页面
INFO     RFPContractListPage:rfp_contract_list_page.py:109 开始通过菜单进入签约页面
INFO     RFPContractListPage:rfp_contract_list_page.py:120 '签约'子菜单已可见，直接点击
INFO     RFPContractListPage:rfp_contract_list_page.py:123 [OK] 已进入签约页面
INFO     RFPContractListPage:rfp_contract_list_page.py:301 按签约项目名称筛选: 自动化测试项目-固定未启动列
INFO     RFPContractListPage:rfp_contract_list_page.py:309 签约项目名称筛选完成: 自动化测试项目-固定未启动列
INFO     RFPContractListPage:rfp_contract_list_page.py:465 验证列表中存在项目: 自动化测试项目-固定未启动列
WARNING  RFPContractListPage:rfp_contract_list_page.py:472 列表中未找到项目: 自动化测试项目-固定未启动列
---------------------------- Captured log teardown ----------------------------
INFO     tests.operate.rfp_management.conftest:conftest.py:136 Test completed - page state will be reset for next test
---------------------------- Captured log teardown ----------------------------
INFO     tests.operate.rfp_management.conftest:conftest.py:136 Test completed - page state will be reset for next test
---------------------------- Captured log teardown ----------------------------
INFO     tests.operate.rfp_management.conftest:conftest.py:136 Test completed - page state will be reset for next test
---------------------------- Captured log teardown ----------------------------
INFO     tests.operate.rfp_management.conftest:conftest.py:136 Test completed - page state will be reset for next test
_ TestRFPContractPriceStatus.test_RFP_contract_price_status_change[price_004] _
[gw0] win32 -- Python 3.12.0 D:\work_dev\RFP-NEW\rfp-ui-test\.venv\Scripts\python.exe
tests\operate\rfp_management\test_rfp_contract_price_status.py:212: in test_RFP_contract_price_status_change
    await map_page.click_action_by_type(action)
pages\operate\rfp_management\rfp_contract_map_page.py:402: in click_action_by_type
    await handler()
pages\operate\rfp_management\rfp_contract_map_page.py:357: in click_hotel_signed
    await btn.wait_for(timeout=timeout_config.get_element_timeout())
.venv\Lib\site-packages\playwright\async_api\_generated.py:18191: in wait_for
    await self._impl_obj.wait_for(timeout=timeout, state=state)
.venv\Lib\site-packages\playwright\_impl\_locator.py:670: in wait_for
    await self._frame.wait_for_selector(
.venv\Lib\site-packages\playwright\_impl\_frame.py:317: in wait_for_selector
    await self._channel.send("waitForSelector", locals_to_params(locals()))
.venv\Lib\site-packages\playwright\_impl\_connection.py:62: in send
    return await self._connection.wrap_api_call(
.venv\Lib\site-packages\playwright\_impl\_connection.py:492: in wrap_api_call
    return await cb()
.venv\Lib\site-packages\playwright\_impl\_connection.py:100: in inner_send
    result = next(iter(done)).result()
E   playwright._impl._errors.TimeoutError: Timeout 5000ms exceeded.
----------------------------- Captured log setup ------------------------------
INFO     tests.operate.rfp_management.conftest:conftest.py:121 Resetting page to /home - ensuring consistent test state
INFO     tests.operate.rfp_management.conftest:conftest.py:128 Navigating to home page: https://testenv.fangcang.com/RFP/operate.html#/home
INFO     tests.operate.rfp_management.conftest:conftest.py:130 Page reset to /home - ready for test execution
------------------------------ Captured log call ------------------------------
INFO     tests.operate.rfp_management.test_rfp_contract_price_status:test_rfp_contract_price_status.py:159 Starting price status change test, case: price_004, project: 自动化测试项目-价格变换, 议价中 → 已中签
INFO     RFPContractMapPage:rfp_contract_map_page.py:72 开始进入 /home 页面
INFO     RFPContractMapPage:base_page.py:24 Navigating to https://testenv.fangcang.com/RFP/operate.html#/home
INFO     RFPContractMapPage:rfp_contract_map_page.py:83 [OK] 已进入 /home 页面
INFO     RFPContractMapPage:rfp_contract_map_page.py:92 开始进入签约页面
INFO     RFPContractMapPage:rfp_contract_map_page.py:117 [OK] 已进入签约页面
INFO     RFPContractMapPage:rfp_contract_map_page.py:126 开始点击已启动 Tab
INFO     RFPContractMapPage:rfp_contract_map_page.py:138 [OK] 已点击已启动 Tab
INFO     RFPContractMapPage:rfp_contract_map_page.py:147 开始搜索项目: 自动化测试项目-价格变换
INFO     RFPContractMapPage:rfp_contract_map_page.py:172 [OK] 项目搜索完成: 自动化测试项目-价格变换
INFO     RFPContractMapPage:rfp_contract_map_page.py:181 开始点击首个去签约按钮
INFO     RFPContractMapPage:rfp_contract_map_page.py:193 [OK] 已点击去签约按钮
INFO     utils.excel_utils:excel_utils.py:59 签约状态导入文件已生成: D:\work_dev\RFP-NEW\rfp-ui-test\data\temp\RFP_import_signing_status_price_004.xlsx
INFO     RFPContractMapPage:rfp_contract_map_page.py:206 切换至列表签约
INFO     RFPContractMapPage:rfp_contract_map_page.py:216 [OK] 已切换至列表签约
INFO     RFPContractMapPage:rfp_contract_map_page.py:248 导入签约状态文件: D:\work_dev\RFP-NEW\rfp-ui-test\data\temp\RFP_import_signing_status_price_004.xlsx
INFO     RFPContractMapPage:rfp_contract_map_page.py:255 [OK] 签约状态文件已导入
INFO     RFPContractMapPage:rfp_contract_map_page.py:225 切换至地图签约
INFO     RFPContractMapPage:rfp_contract_map_page.py:235 [OK] 已切换至地图签约
INFO     RFPContractMapPage:rfp_contract_map_page.py:268 点击价格状态页签: 议价中
INFO     RFPContractMapPage:rfp_contract_map_page.py:280 [OK] 已点击价格状态页签: 议价中
INFO     RFPContractMapPage:rfp_contract_map_page.py:293 点击首个酒店
INFO     RFPContractMapPage:rfp_contract_map_page.py:303 [OK] 已点击首个酒店
INFO     RFPContractMapPage:rfp_contract_map_page.py:349 点击中签按钮
ERROR    RFPContractMapPage:rfp_contract_map_page.py:363 点击中签按钮失败: Timeout 5000ms exceeded.
---------------------------- Captured log teardown ----------------------------
INFO     tests.operate.rfp_management.conftest:conftest.py:136 Test completed - page state will be reset for next test
----------------------------- Captured log setup ------------------------------
INFO     tests.operate.rfp_management.conftest:conftest.py:121 Resetting page to /home - ensuring consistent test state
INFO     tests.operate.rfp_management.conftest:conftest.py:128 Navigating to home page: https://testenv.fangcang.com/RFP/operate.html#/home
INFO     tests.operate.rfp_management.conftest:conftest.py:130 Page reset to /home - ready for test execution
------------------------------ Captured log call ------------------------------
INFO     tests.operate.rfp_management.test_rfp_contract_price_status:test_rfp_contract_price_status.py:159 Starting price status change test, case: price_004, project: 自动化测试项目-价格变换, 议价中 → 已中签
INFO     RFPContractMapPage:rfp_contract_map_page.py:72 开始进入 /home 页面
INFO     RFPContractMapPage:base_page.py:24 Navigating to https://testenv.fangcang.com/RFP/operate.html#/home
INFO     RFPContractMapPage:rfp_contract_map_page.py:83 [OK] 已进入 /home 页面
INFO     RFPContractMapPage:rfp_contract_map_page.py:92 开始进入签约页面
INFO     RFPContractMapPage:rfp_contract_map_page.py:117 [OK] 已进入签约页面
INFO     RFPContractMapPage:rfp_contract_map_page.py:126 开始点击已启动 Tab
INFO     RFPContractMapPage:rfp_contract_map_page.py:138 [OK] 已点击已启动 Tab
INFO     RFPContractMapPage:rfp_contract_map_page.py:147 开始搜索项目: 自动化测试项目-价格变换
INFO     RFPContractMapPage:rfp_contract_map_page.py:172 [OK] 项目搜索完成: 自动化测试项目-价格变换
INFO     RFPContractMapPage:rfp_contract_map_page.py:181 开始点击首个去签约按钮
INFO     RFPContractMapPage:rfp_contract_map_page.py:193 [OK] 已点击去签约按钮
INFO     utils.excel_utils:excel_utils.py:59 签约状态导入文件已生成: D:\work_dev\RFP-NEW\rfp-ui-test\data\temp\RFP_import_signing_status_price_004.xlsx
INFO     RFPContractMapPage:rfp_contract_map_page.py:206 切换至列表签约
INFO     RFPContractMapPage:rfp_contract_map_page.py:216 [OK] 已切换至列表签约
INFO     RFPContractMapPage:rfp_contract_map_page.py:248 导入签约状态文件: D:\work_dev\RFP-NEW\rfp-ui-test\data\temp\RFP_import_signing_status_price_004.xlsx
INFO     RFPContractMapPage:rfp_contract_map_page.py:255 [OK] 签约状态文件已导入
INFO     RFPContractMapPage:rfp_contract_map_page.py:225 切换至地图签约
INFO     RFPContractMapPage:rfp_contract_map_page.py:235 [OK] 已切换至地图签约
INFO     RFPContractMapPage:rfp_contract_map_page.py:268 点击价格状态页签: 议价中
INFO     RFPContractMapPage:rfp_contract_map_page.py:280 [OK] 已点击价格状态页签: 议价中
INFO     RFPContractMapPage:rfp_contract_map_page.py:293 点击首个酒店
INFO     RFPContractMapPage:rfp_contract_map_page.py:303 [OK] 已点击首个酒店
INFO     RFPContractMapPage:rfp_contract_map_page.py:349 点击中签按钮
ERROR    RFPContractMapPage:rfp_contract_map_page.py:363 点击中签按钮失败: Timeout 5000ms exceeded.
---------------------------- Captured log teardown ----------------------------
INFO     tests.operate.rfp_management.conftest:conftest.py:136 Test completed - page state will be reset for next test
----------------------------- Captured log setup ------------------------------
INFO     tests.operate.rfp_management.conftest:conftest.py:121 Resetting page to /home - ensuring consistent test state
INFO     tests.operate.rfp_management.conftest:conftest.py:128 Navigating to home page: https://testenv.fangcang.com/RFP/operate.html#/home
INFO     tests.operate.rfp_management.conftest:conftest.py:130 Page reset to /home - ready for test execution
------------------------------ Captured log call ------------------------------
INFO     tests.operate.rfp_management.test_rfp_contract_price_status:test_rfp_contract_price_status.py:159 Starting price status change test, case: price_004, project: 自动化测试项目-价格变换, 议价中 → 已中签
INFO     RFPContractMapPage:rfp_contract_map_page.py:72 开始进入 /home 页面
INFO     RFPContractMapPage:base_page.py:24 Navigating to https://testenv.fangcang.com/RFP/operate.html#/home
INFO     RFPContractMapPage:rfp_contract_map_page.py:83 [OK] 已进入 /home 页面
INFO     RFPContractMapPage:rfp_contract_map_page.py:92 开始进入签约页面
INFO     RFPContractMapPage:rfp_contract_map_page.py:117 [OK] 已进入签约页面
INFO     RFPContractMapPage:rfp_contract_map_page.py:126 开始点击已启动 Tab
INFO     RFPContractMapPage:rfp_contract_map_page.py:138 [OK] 已点击已启动 Tab
INFO     RFPContractMapPage:rfp_contract_map_page.py:147 开始搜索项目: 自动化测试项目-价格变换
INFO     RFPContractMapPage:rfp_contract_map_page.py:172 [OK] 项目搜索完成: 自动化测试项目-价格变换
INFO     RFPContractMapPage:rfp_contract_map_page.py:181 开始点击首个去签约按钮
INFO     RFPContractMapPage:rfp_contract_map_page.py:193 [OK] 已点击去签约按钮
INFO     utils.excel_utils:excel_utils.py:59 签约状态导入文件已生成: D:\work_dev\RFP-NEW\rfp-ui-test\data\temp\RFP_import_signing_status_price_004.xlsx
INFO     RFPContractMapPage:rfp_contract_map_page.py:206 切换至列表签约
INFO     RFPContractMapPage:rfp_contract_map_page.py:216 [OK] 已切换至列表签约
INFO     RFPContractMapPage:rfp_contract_map_page.py:248 导入签约状态文件: D:\work_dev\RFP-NEW\rfp-ui-test\data\temp\RFP_import_signing_status_price_004.xlsx
INFO     RFPContractMapPage:rfp_contract_map_page.py:255 [OK] 签约状态文件已导入
INFO     RFPContractMapPage:rfp_contract_map_page.py:225 切换至地图签约
INFO     RFPContractMapPage:rfp_contract_map_page.py:235 [OK] 已切换至地图签约
INFO     RFPContractMapPage:rfp_contract_map_page.py:268 点击价格状态页签: 议价中
INFO     RFPContractMapPage:rfp_contract_map_page.py:280 [OK] 已点击价格状态页签: 议价中
INFO     RFPContractMapPage:rfp_contract_map_page.py:293 点击首个酒店
INFO     RFPContractMapPage:rfp_contract_map_page.py:303 [OK] 已点击首个酒店
INFO     RFPContractMapPage:rfp_contract_map_page.py:349 点击中签按钮
ERROR    RFPContractMapPage:rfp_contract_map_page.py:363 点击中签按钮失败: Timeout 5000ms exceeded.
---------------------------- Captured log teardown ----------------------------
INFO     tests.operate.rfp_management.conftest:conftest.py:136 Test completed - page state will be reset for next test
----------------------------- Captured log setup ------------------------------
INFO     tests.operate.rfp_management.conftest:conftest.py:121 Resetting page to /home - ensuring consistent test state
INFO     tests.operate.rfp_management.conftest:conftest.py:128 Navigating to home page: https://testenv.fangcang.com/RFP/operate.html#/home
INFO     tests.operate.rfp_management.conftest:conftest.py:130 Page reset to /home - ready for test execution
------------------------------ Captured log call ------------------------------
INFO     tests.operate.rfp_management.test_rfp_contract_price_status:test_rfp_contract_price_status.py:159 Starting price status change test, case: price_004, project: 自动化测试项目-价格变换, 议价中 → 已中签
INFO     RFPContractMapPage:rfp_contract_map_page.py:72 开始进入 /home 页面
INFO     RFPContractMapPage:base_page.py:24 Navigating to https://testenv.fangcang.com/RFP/operate.html#/home
INFO     RFPContractMapPage:rfp_contract_map_page.py:83 [OK] 已进入 /home 页面
INFO     RFPContractMapPage:rfp_contract_map_page.py:92 开始进入签约页面
INFO     RFPContractMapPage:rfp_contract_map_page.py:117 [OK] 已进入签约页面
INFO     RFPContractMapPage:rfp_contract_map_page.py:126 开始点击已启动 Tab
INFO     RFPContractMapPage:rfp_contract_map_page.py:138 [OK] 已点击已启动 Tab
INFO     RFPContractMapPage:rfp_contract_map_page.py:147 开始搜索项目: 自动化测试项目-价格变换
INFO     RFPContractMapPage:rfp_contract_map_page.py:172 [OK] 项目搜索完成: 自动化测试项目-价格变换
INFO     RFPContractMapPage:rfp_contract_map_page.py:181 开始点击首个去签约按钮
INFO     RFPContractMapPage:rfp_contract_map_page.py:193 [OK] 已点击去签约按钮
INFO     utils.excel_utils:excel_utils.py:59 签约状态导入文件已生成: D:\work_dev\RFP-NEW\rfp-ui-test\data\temp\RFP_import_signing_status_price_004.xlsx
INFO     RFPContractMapPage:rfp_contract_map_page.py:206 切换至列表签约
INFO     RFPContractMapPage:rfp_contract_map_page.py:216 [OK] 已切换至列表签约
INFO     RFPContractMapPage:rfp_contract_map_page.py:248 导入签约状态文件: D:\work_dev\RFP-NEW\rfp-ui-test\data\temp\RFP_import_signing_status_price_004.xlsx
INFO     RFPContractMapPage:rfp_contract_map_page.py:255 [OK] 签约状态文件已导入
INFO     RFPContractMapPage:rfp_contract_map_page.py:225 切换至地图签约
INFO     RFPContractMapPage:rfp_contract_map_page.py:235 [OK] 已切换至地图签约
INFO     RFPContractMapPage:rfp_contract_map_page.py:268 点击价格状态页签: 议价中
INFO     RFPContractMapPage:rfp_contract_map_page.py:280 [OK] 已点击价格状态页签: 议价中
INFO     RFPContractMapPage:rfp_contract_map_page.py:293 点击首个酒店
INFO     RFPContractMapPage:rfp_contract_map_page.py:303 [OK] 已点击首个酒店
INFO     RFPContractMapPage:rfp_contract_map_page.py:349 点击中签按钮
ERROR    RFPContractMapPage:rfp_contract_map_page.py:363 点击中签按钮失败: Timeout 5000ms exceeded.
---------------------------- Captured log teardown ----------------------------
INFO     tests.operate.rfp_management.conftest:conftest.py:136 Test completed - page state will be reset for next test
---------------------------- Captured log teardown ----------------------------
INFO     tests.operate.rfp_management.conftest:conftest.py:136 Test completed - page state will be reset for next test
---------------------------- Captured log teardown ----------------------------
INFO     tests.operate.rfp_management.conftest:conftest.py:136 Test completed - page state will be reset for next test
---------------------------- Captured log teardown ----------------------------
INFO     tests.operate.rfp_management.conftest:conftest.py:136 Test completed - page state will be reset for next test
_______________ TestRFPContractList.test_start_and_stop_project _______________
[gw3] win32 -- Python 3.12.0 D:\work_dev\RFP-NEW\rfp-ui-test\.venv\Scripts\python.exe
tests\operate\rfp_management\test_rfp_contract_list.py:480: in test_start_and_stop_project
    await create_page.navigate_to_create_project()
pages\operate\rfp_management\create_rfp_project_page.py:99: in navigate_to_create_project
    await create_option.wait_for(timeout=timeout_config.get_element_timeout())
.venv\Lib\site-packages\playwright\async_api\_generated.py:18191: in wait_for
    await self._impl_obj.wait_for(timeout=timeout, state=state)
.venv\Lib\site-packages\playwright\_impl\_locator.py:670: in wait_for
    await self._frame.wait_for_selector(
.venv\Lib\site-packages\playwright\_impl\_frame.py:317: in wait_for_selector
    await self._channel.send("waitForSelector", locals_to_params(locals()))
.venv\Lib\site-packages\playwright\_impl\_connection.py:62: in send
    return await self._connection.wrap_api_call(
.venv\Lib\site-packages\playwright\_impl\_connection.py:492: in wrap_api_call
    return await cb()
.venv\Lib\site-packages\playwright\_impl\_connection.py:100: in inner_send
    result = next(iter(done)).result()
E   playwright._impl._errors.Error: Error: strict mode violation: get_by_text("发布项目", exact=True) resolved to 2 elements:
E       1) <div class="c-view" data-v-2c246be4="">发布项目</div> aka get_by_text("发布项目").first
E       2) <div title="发布项目" class="c-view ellipsis grow">发布项目</div> aka get_by_title("发布项目")
----------------------------- Captured log setup ------------------------------
INFO     tests.operate.rfp_management.conftest:conftest.py:121 Resetting page to /home - ensuring consistent test state
INFO     tests.operate.rfp_management.conftest:conftest.py:128 Navigating to home page: https://testenv.fangcang.com/RFP/operate.html#/home
INFO     tests.operate.rfp_management.conftest:conftest.py:130 Page reset to /home - ready for test execution
------------------------------ Captured log call ------------------------------
INFO     tests.operate.rfp_management.test_rfp_contract_list:test_rfp_contract_list.py:475 Starting SIGN-LIST-016+023 联动测试, 项目=自动化测试-启动终止联动-20260720110409
INFO     CreateRFPProjectPage:create_rfp_project_page.py:83 开始导航至创建 RFP 项目页面
INFO     CreateRFPProjectPage:create_rfp_project_page.py:103 [OK] 已进入创建 RFP 项目页面
INFO     CreateRFPProjectPage:create_rfp_project_page.py:117 填写签约机构: 测试机构hy
INFO     CreateRFPProjectPage:create_rfp_project_page.py:131 [OK] 签约机构已选择: 测试机构hy
INFO     CreateRFPProjectPage:create_rfp_project_page.py:141 填写签约项目名称: 自动化测试-启动终止联动-20260720110409
INFO     CreateRFPProjectPage:create_rfp_project_page.py:149 [OK] 签约项目名称已填写: 自动化测试-启动终止联动-20260720110409
INFO     CreateRFPProjectPage:create_rfp_project_page.py:159 填写联系人: 荷叶
INFO     CreateRFPProjectPage:create_rfp_project_page.py:167 [OK] 联系人已填写: 荷叶
INFO     CreateRFPProjectPage:create_rfp_project_page.py:177 填写联系电话: 17755389215
INFO     CreateRFPProjectPage:create_rfp_project_page.py:185 [OK] 联系电话已填写: 17755389215
INFO     CreateRFPProjectPage:create_rfp_project_page.py:195 选择签约方式: 邀请签约
INFO     CreateRFPProjectPage:create_rfp_project_page.py:202 [OK] 签约方式已选择: 邀请签约
INFO     CreateRFPProjectPage:create_rfp_project_page.py:222 选择报名起止时间: 1 - 28
INFO     CreateRFPProjectPage:create_rfp_project_page.py:234 [OK] 报名起止时间已选择: 1 - 28
INFO     CreateRFPProjectPage:create_rfp_project_page.py:260 选择第一轮报价起止时间: 1 - 28
INFO     CreateRFPProjectPage:create_rfp_project_page.py:265 [OK] 第一轮报价起止时间已选择: 1 - 28
INFO     CreateRFPProjectPage:create_rfp_project_page.py:274 选择协议报价日期范围: 1 - 28
INFO     CreateRFPProjectPage:create_rfp_project_page.py:279 [OK] 协议报价日期范围已选择: 1 - 28
INFO     CreateRFPProjectPage:create_rfp_project_page.py:292 填写预计签约酒店数量: 100
INFO     CreateRFPProjectPage:create_rfp_project_page.py:300 [OK] 预计签约酒店数量已填写: 100
INFO     CreateRFPProjectPage:create_rfp_project_page.py:309 填写公司差标最小值: 100
INFO     CreateRFPProjectPage:create_rfp_project_page.py:317 [OK] 公司差标最小值已填写: 100
INFO     CreateRFPProjectPage:create_rfp_project_page.py:326 填写公司差标最大值: 500
INFO     CreateRFPProjectPage:create_rfp_project_page.py:334 [OK] 公司差标最大值已填写: 500
INFO     CreateRFPProjectPage:create_rfp_project_page.py:447 点击保存并下一步
INFO     CreateRFPProjectPage:create_rfp_project_page.py:454 [OK] 已点击保存并下一步
INFO     CreateRFPProjectPage:create_rfp_project_page.py:465 开始验证保存成功提示
INFO     CreateRFPProjectPage:create_rfp_project_page.py:474 [OK] 保存成功提示: 操作成功!
INFO     tests.operate.rfp_management.test_rfp_contract_list:test_rfp_contract_list.py:495 项目创建完成: 自动化测试-启动终止联动-20260720110409
INFO     RFPContractListPage:rfp_contract_list_page.py:97 开始进入 /home 页面
INFO     RFPContractListPage:base_page.py:24 Navigating to https://testenv.fangcang.com/RFP/operate.html#/home
INFO     RFPContractListPage:rfp_contract_list_page.py:105 [OK] 已进入 /home 页面
INFO     RFPContractListPage:rfp_contract_list_page.py:109 开始通过菜单进入签约页面
INFO     RFPContractListPage:rfp_contract_list_page.py:120 '签约'子菜单已可见，直接点击
INFO     RFPContractListPage:rfp_contract_list_page.py:123 [OK] 已进入签约页面
INFO     RFPContractListPage:rfp_contract_list_page.py:301 按签约项目名称筛选: 自动化测试-启动终止联动-20260720110409
INFO     RFPContractListPage:rfp_contract_list_page.py:309 签约项目名称筛选完成: 自动化测试-启动终止联动-20260720110409
INFO     RFPContractListPage:rfp_contract_list_page.py:484 点击第一行的'启动'按钮
---------------------------- Captured log teardown ----------------------------
INFO     tests.operate.rfp_management.conftest:conftest.py:136 Test completed - page state will be reset for next test
----------------------------- Captured log setup ------------------------------
INFO     tests.operate.rfp_management.conftest:conftest.py:121 Resetting page to /home - ensuring consistent test state
INFO     tests.operate.rfp_management.conftest:conftest.py:128 Navigating to home page: https://testenv.fangcang.com/RFP/operate.html#/home
INFO     tests.operate.rfp_management.conftest:conftest.py:130 Page reset to /home - ready for test execution
------------------------------ Captured log call ------------------------------
INFO     tests.operate.rfp_management.test_rfp_contract_list:test_rfp_contract_list.py:475 Starting SIGN-LIST-016+023 联动测试, 项目=自动化测试-启动终止联动-20260720110429
INFO     CreateRFPProjectPage:create_rfp_project_page.py:83 开始导航至创建 RFP 项目页面
ERROR    CreateRFPProjectPage:create_rfp_project_page.py:107 导航至创建项目页面失败: Error: strict mode violation: get_by_text("发布项目", exact=True) resolved to 2 elements:
    1) <div class="c-view" data-v-2c246be4="">发布项目</div> aka get_by_text("发布项目").first
    2) <div title="发布项目" class="c-view ellipsis grow">发布项目</div> aka get_by_title("发布项目")
---------------------------- Captured log teardown ----------------------------
INFO     tests.operate.rfp_management.conftest:conftest.py:136 Test completed - page state will be reset for next test
----------------------------- Captured log setup ------------------------------
INFO     tests.operate.rfp_management.conftest:conftest.py:121 Resetting page to /home - ensuring consistent test state
INFO     tests.operate.rfp_management.conftest:conftest.py:128 Navigating to home page: https://testenv.fangcang.com/RFP/operate.html#/home
INFO     tests.operate.rfp_management.conftest:conftest.py:130 Page reset to /home - ready for test execution
------------------------------ Captured log call ------------------------------
INFO     tests.operate.rfp_management.test_rfp_contract_list:test_rfp_contract_list.py:475 Starting SIGN-LIST-016+023 联动测试, 项目=自动化测试-启动终止联动-20260720110432
INFO     CreateRFPProjectPage:create_rfp_project_page.py:83 开始导航至创建 RFP 项目页面
ERROR    CreateRFPProjectPage:create_rfp_project_page.py:107 导航至创建项目页面失败: Error: strict mode violation: get_by_text("发布项目", exact=True) resolved to 2 elements:
    1) <div class="c-view" data-v-2c246be4="">发布项目</div> aka get_by_text("发布项目").first
    2) <div title="发布项目" class="c-view ellipsis grow">发布项目</div> aka get_by_title("发布项目")
---------------------------- Captured log teardown ----------------------------
INFO     tests.operate.rfp_management.conftest:conftest.py:136 Test completed - page state will be reset for next test
----------------------------- Captured log setup ------------------------------
INFO     tests.operate.rfp_management.conftest:conftest.py:121 Resetting page to /home - ensuring consistent test state
INFO     tests.operate.rfp_management.conftest:conftest.py:128 Navigating to home page: https://testenv.fangcang.com/RFP/operate.html#/home
INFO     tests.operate.rfp_management.conftest:conftest.py:130 Page reset to /home - ready for test execution
------------------------------ Captured log call ------------------------------
INFO     tests.operate.rfp_management.test_rfp_contract_list:test_rfp_contract_list.py:475 Starting SIGN-LIST-016+023 联动测试, 项目=自动化测试-启动终止联动-20260720110435
INFO     CreateRFPProjectPage:create_rfp_project_page.py:83 开始导航至创建 RFP 项目页面
ERROR    CreateRFPProjectPage:create_rfp_project_page.py:107 导航至创建项目页面失败: Error: strict mode violation: get_by_text("发布项目", exact=True) resolved to 2 elements:
    1) <div class="c-view" data-v-2c246be4="">发布项目</div> aka get_by_text("发布项目").first
    2) <div title="发布项目" class="c-view ellipsis grow">发布项目</div> aka get_by_title("发布项目")
---------------------------- Captured log teardown ----------------------------
INFO     tests.operate.rfp_management.conftest:conftest.py:136 Test completed - page state will be reset for next test
---------------------------- Captured log teardown ----------------------------
INFO     tests.operate.rfp_management.conftest:conftest.py:136 Test completed - page state will be reset for next test
---------------------------- Captured log teardown ----------------------------
INFO     tests.operate.rfp_management.conftest:conftest.py:136 Test completed - page state will be reset for next test
---------------------------- Captured log teardown ----------------------------
INFO     tests.operate.rfp_management.conftest:conftest.py:136 Test completed - page state will be reset for next test
_ TestRFPDetailPagePriceStatus.test_priceDetail_price_status_change[detail_price_007] _
[gw1] win32 -- Python 3.12.0 D:\work_dev\RFP-NEW\rfp-ui-test\.venv\Scripts\python.exe
tests\operate\rfp_management\test_rfp_detailPage_project.py:434: in test_priceDetail_price_status_change
    await detail_page.click_action_confirm()
pages\operate\rfp_management\rfp_detailPage_project.py:433: in click_action_confirm
    await confirm_btn.wait_for(timeout=timeout_config.get_element_timeout())
.venv\Lib\site-packages\playwright\async_api\_generated.py:18191: in wait_for
    await self._impl_obj.wait_for(timeout=timeout, state=state)
.venv\Lib\site-packages\playwright\_impl\_locator.py:670: in wait_for
    await self._frame.wait_for_selector(
.venv\Lib\site-packages\playwright\_impl\_frame.py:317: in wait_for_selector
    await self._channel.send("waitForSelector", locals_to_params(locals()))
.venv\Lib\site-packages\playwright\_impl\_connection.py:62: in send
    return await self._connection.wrap_api_call(
.venv\Lib\site-packages\playwright\_impl\_connection.py:492: in wrap_api_call
    return await cb()
.venv\Lib\site-packages\playwright\_impl\_connection.py:100: in inner_send
    result = next(iter(done)).result()
E   playwright._impl._errors.TimeoutError: Timeout 5000ms exceeded.
----------------------------- Captured log setup ------------------------------
INFO     tests.operate.rfp_management.conftest:conftest.py:121 Resetting page to /home - ensuring consistent test state
INFO     tests.operate.rfp_management.conftest:conftest.py:128 Navigating to home page: https://testenv.fangcang.com/RFP/operate.html#/home
INFO     tests.operate.rfp_management.conftest:conftest.py:130 Page reset to /home - ready for test execution
------------------------------ Captured log call ------------------------------
INFO     tests.operate.rfp_management.test_rfp_detailPage_project:test_rfp_detailPage_project.py:368 Starting detail page price status change test, case: detail_price_007, project: 自动化测试项目-页面详情页价格变换, 修订报价 → 已中签
INFO     RFPContractMapPage:rfp_contract_map_page.py:72 开始进入 /home 页面
INFO     RFPContractMapPage:base_page.py:24 Navigating to https://testenv.fangcang.com/RFP/operate.html#/home
INFO     RFPContractMapPage:rfp_contract_map_page.py:83 [OK] 已进入 /home 页面
INFO     RFPContractMapPage:rfp_contract_map_page.py:92 开始进入签约页面
INFO     RFPContractMapPage:rfp_contract_map_page.py:117 [OK] 已进入签约页面
INFO     RFPContractMapPage:rfp_contract_map_page.py:126 开始点击已启动 Tab
INFO     RFPContractMapPage:rfp_contract_map_page.py:138 [OK] 已点击已启动 Tab
INFO     RFPContractMapPage:rfp_contract_map_page.py:147 开始搜索项目: 自动化测试项目-页面详情页价格变换
INFO     RFPContractMapPage:rfp_contract_map_page.py:172 [OK] 项目搜索完成: 自动化测试项目-页面详情页价格变换
INFO     RFPContractMapPage:rfp_contract_map_page.py:181 开始点击首个去签约按钮
INFO     RFPContractMapPage:rfp_contract_map_page.py:193 [OK] 已点击去签约按钮
INFO     utils.excel_utils:excel_utils.py:59 签约状态导入文件已生成: D:\work_dev\RFP-NEW\rfp-ui-test\data\temp\RFP_detail_import_detail_price_007.xlsx
INFO     RFPContractMapPage:rfp_contract_map_page.py:206 切换至列表签约
INFO     RFPContractMapPage:rfp_contract_map_page.py:216 [OK] 已切换至列表签约
INFO     RFPContractMapPage:rfp_contract_map_page.py:248 导入签约状态文件: D:\work_dev\RFP-NEW\rfp-ui-test\data\temp\RFP_detail_import_detail_price_007.xlsx
INFO     RFPContractMapPage:rfp_contract_map_page.py:255 [OK] 签约状态文件已导入
INFO     RFPContractMapPage:rfp_contract_map_page.py:225 切换至地图签约
INFO     RFPContractMapPage:rfp_contract_map_page.py:235 [OK] 已切换至地图签约
INFO     RFPContractMapPage:rfp_contract_map_page.py:268 点击价格状态页签: 修订报价
INFO     RFPContractMapPage:rfp_contract_map_page.py:280 [OK] 已点击价格状态页签: 修订报价
INFO     RFPContractMapPage:rfp_contract_map_page.py:293 点击首个酒店
INFO     RFPContractMapPage:rfp_contract_map_page.py:303 [OK] 已点击首个酒店
INFO     RFPContractMapPage:rfp_contract_map_page.py:436 开始点击查看报价详情按钮
INFO     RFPContractMapPage:rfp_contract_map_page.py:453 [OK] 报价详情页已打开
INFO     RFPDetailPageProject:rfp_detailPage_project.py:375 点击操作按钮: 确认中签
INFO     RFPDetailPageProject:rfp_detailPage_project.py:383 [OK] 已点击操作按钮: 确认中签
INFO     RFPDetailPageProject:rfp_detailPage_project.py:408 输入留言: 修改价格状态：修订报价→已中签
INFO     RFPDetailPageProject:rfp_detailPage_project.py:417 [OK] 留言已输入
INFO     RFPDetailPageProject:rfp_detailPage_project.py:426 点击确定按钮
ERROR    RFPDetailPageProject:rfp_detailPage_project.py:439 点击确定按钮失败: Timeout 5000ms exceeded.
---------------------------- Captured log teardown ----------------------------
INFO     tests.operate.rfp_management.conftest:conftest.py:136 Test completed - page state will be reset for next test
----------------------------- Captured log setup ------------------------------
INFO     tests.operate.rfp_management.conftest:conftest.py:121 Resetting page to /home - ensuring consistent test state
INFO     tests.operate.rfp_management.conftest:conftest.py:128 Navigating to home page: https://testenv.fangcang.com/RFP/operate.html#/home
INFO     tests.operate.rfp_management.conftest:conftest.py:130 Page reset to /home - ready for test execution
------------------------------ Captured log call ------------------------------
INFO     tests.operate.rfp_management.test_rfp_detailPage_project:test_rfp_detailPage_project.py:368 Starting detail page price status change test, case: detail_price_007, project: 自动化测试项目-页面详情页价格变换, 修订报价 → 已中签
INFO     RFPContractMapPage:rfp_contract_map_page.py:72 开始进入 /home 页面
INFO     RFPContractMapPage:base_page.py:24 Navigating to https://testenv.fangcang.com/RFP/operate.html#/home
INFO     RFPContractMapPage:rfp_contract_map_page.py:83 [OK] 已进入 /home 页面
INFO     RFPContractMapPage:rfp_contract_map_page.py:92 开始进入签约页面
INFO     RFPContractMapPage:rfp_contract_map_page.py:117 [OK] 已进入签约页面
INFO     RFPContractMapPage:rfp_contract_map_page.py:126 开始点击已启动 Tab
INFO     RFPContractMapPage:rfp_contract_map_page.py:138 [OK] 已点击已启动 Tab
INFO     RFPContractMapPage:rfp_contract_map_page.py:147 开始搜索项目: 自动化测试项目-页面详情页价格变换
INFO     RFPContractMapPage:rfp_contract_map_page.py:172 [OK] 项目搜索完成: 自动化测试项目-页面详情页价格变换
INFO     RFPContractMapPage:rfp_contract_map_page.py:181 开始点击首个去签约按钮
INFO     RFPContractMapPage:rfp_contract_map_page.py:193 [OK] 已点击去签约按钮
INFO     utils.excel_utils:excel_utils.py:59 签约状态导入文件已生成: D:\work_dev\RFP-NEW\rfp-ui-test\data\temp\RFP_detail_import_detail_price_007.xlsx
INFO     RFPContractMapPage:rfp_contract_map_page.py:206 切换至列表签约
INFO     RFPContractMapPage:rfp_contract_map_page.py:216 [OK] 已切换至列表签约
INFO     RFPContractMapPage:rfp_contract_map_page.py:248 导入签约状态文件: D:\work_dev\RFP-NEW\rfp-ui-test\data\temp\RFP_detail_import_detail_price_007.xlsx
INFO     RFPContractMapPage:rfp_contract_map_page.py:255 [OK] 签约状态文件已导入
INFO     RFPContractMapPage:rfp_contract_map_page.py:225 切换至地图签约
INFO     RFPContractMapPage:rfp_contract_map_page.py:235 [OK] 已切换至地图签约
INFO     RFPContractMapPage:rfp_contract_map_page.py:268 点击价格状态页签: 修订报价
INFO     RFPContractMapPage:rfp_contract_map_page.py:280 [OK] 已点击价格状态页签: 修订报价
INFO     RFPContractMapPage:rfp_contract_map_page.py:293 点击首个酒店
INFO     RFPContractMapPage:rfp_contract_map_page.py:303 [OK] 已点击首个酒店
INFO     RFPContractMapPage:rfp_contract_map_page.py:436 开始点击查看报价详情按钮
INFO     RFPContractMapPage:rfp_contract_map_page.py:453 [OK] 报价详情页已打开
INFO     RFPDetailPageProject:rfp_detailPage_project.py:375 点击操作按钮: 确认中签
INFO     RFPDetailPageProject:rfp_detailPage_project.py:383 [OK] 已点击操作按钮: 确认中签
INFO     RFPDetailPageProject:rfp_detailPage_project.py:408 输入留言: 修改价格状态：修订报价→已中签
INFO     RFPDetailPageProject:rfp_detailPage_project.py:417 [OK] 留言已输入
INFO     RFPDetailPageProject:rfp_detailPage_project.py:426 点击确定按钮
ERROR    RFPDetailPageProject:rfp_detailPage_project.py:439 点击确定按钮失败: Timeout 5000ms exceeded.
---------------------------- Captured log teardown ----------------------------
INFO     tests.operate.rfp_management.conftest:conftest.py:136 Test completed - page state will be reset for next test
----------------------------- Captured log setup ------------------------------
INFO     tests.operate.rfp_management.conftest:conftest.py:121 Resetting page to /home - ensuring consistent test state
INFO     tests.operate.rfp_management.conftest:conftest.py:128 Navigating to home page: https://testenv.fangcang.com/RFP/operate.html#/home
INFO     tests.operate.rfp_management.conftest:conftest.py:130 Page reset to /home - ready for test execution
------------------------------ Captured log call ------------------------------
INFO     tests.operate.rfp_management.test_rfp_detailPage_project:test_rfp_detailPage_project.py:368 Starting detail page price status change test, case: detail_price_007, project: 自动化测试项目-页面详情页价格变换, 修订报价 → 已中签
INFO     RFPContractMapPage:rfp_contract_map_page.py:72 开始进入 /home 页面
INFO     RFPContractMapPage:base_page.py:24 Navigating to https://testenv.fangcang.com/RFP/operate.html#/home
INFO     RFPContractMapPage:rfp_contract_map_page.py:83 [OK] 已进入 /home 页面
INFO     RFPContractMapPage:rfp_contract_map_page.py:92 开始进入签约页面
INFO     RFPContractMapPage:rfp_contract_map_page.py:117 [OK] 已进入签约页面
INFO     RFPContractMapPage:rfp_contract_map_page.py:126 开始点击已启动 Tab
INFO     RFPContractMapPage:rfp_contract_map_page.py:138 [OK] 已点击已启动 Tab
INFO     RFPContractMapPage:rfp_contract_map_page.py:147 开始搜索项目: 自动化测试项目-页面详情页价格变换
INFO     RFPContractMapPage:rfp_contract_map_page.py:172 [OK] 项目搜索完成: 自动化测试项目-页面详情页价格变换
INFO     RFPContractMapPage:rfp_contract_map_page.py:181 开始点击首个去签约按钮
INFO     RFPContractMapPage:rfp_contract_map_page.py:193 [OK] 已点击去签约按钮
INFO     utils.excel_utils:excel_utils.py:59 签约状态导入文件已生成: D:\work_dev\RFP-NEW\rfp-ui-test\data\temp\RFP_detail_import_detail_price_007.xlsx
INFO     RFPContractMapPage:rfp_contract_map_page.py:206 切换至列表签约
INFO     RFPContractMapPage:rfp_contract_map_page.py:216 [OK] 已切换至列表签约
INFO     RFPContractMapPage:rfp_contract_map_page.py:248 导入签约状态文件: D:\work_dev\RFP-NEW\rfp-ui-test\data\temp\RFP_detail_import_detail_price_007.xlsx
INFO     RFPContractMapPage:rfp_contract_map_page.py:255 [OK] 签约状态文件已导入
INFO     RFPContractMapPage:rfp_contract_map_page.py:225 切换至地图签约
INFO     RFPContractMapPage:rfp_contract_map_page.py:235 [OK] 已切换至地图签约
INFO     RFPContractMapPage:rfp_contract_map_page.py:268 点击价格状态页签: 修订报价
INFO     RFPContractMapPage:rfp_contract_map_page.py:280 [OK] 已点击价格状态页签: 修订报价
INFO     RFPContractMapPage:rfp_contract_map_page.py:293 点击首个酒店
INFO     RFPContractMapPage:rfp_contract_map_page.py:303 [OK] 已点击首个酒店
INFO     RFPContractMapPage:rfp_contract_map_page.py:436 开始点击查看报价详情按钮
INFO     RFPContractMapPage:rfp_contract_map_page.py:453 [OK] 报价详情页已打开
INFO     RFPDetailPageProject:rfp_detailPage_project.py:375 点击操作按钮: 确认中签
INFO     RFPDetailPageProject:rfp_detailPage_project.py:383 [OK] 已点击操作按钮: 确认中签
INFO     RFPDetailPageProject:rfp_detailPage_project.py:408 输入留言: 修改价格状态：修订报价→已中签
INFO     RFPDetailPageProject:rfp_detailPage_project.py:417 [OK] 留言已输入
INFO     RFPDetailPageProject:rfp_detailPage_project.py:426 点击确定按钮
ERROR    RFPDetailPageProject:rfp_detailPage_project.py:439 点击确定按钮失败: Timeout 5000ms exceeded.
---------------------------- Captured log teardown ----------------------------
INFO     tests.operate.rfp_management.conftest:conftest.py:136 Test completed - page state will be reset for next test
----------------------------- Captured log setup ------------------------------
INFO     tests.operate.rfp_management.conftest:conftest.py:121 Resetting page to /home - ensuring consistent test state
INFO     tests.operate.rfp_management.conftest:conftest.py:128 Navigating to home page: https://testenv.fangcang.com/RFP/operate.html#/home
INFO     tests.operate.rfp_management.conftest:conftest.py:130 Page reset to /home - ready for test execution
------------------------------ Captured log call ------------------------------
INFO     tests.operate.rfp_management.test_rfp_detailPage_project:test_rfp_detailPage_project.py:368 Starting detail page price status change test, case: detail_price_007, project: 自动化测试项目-页面详情页价格变换, 修订报价 → 已中签
INFO     RFPContractMapPage:rfp_contract_map_page.py:72 开始进入 /home 页面
INFO     RFPContractMapPage:base_page.py:24 Navigating to https://testenv.fangcang.com/RFP/operate.html#/home
INFO     RFPContractMapPage:rfp_contract_map_page.py:83 [OK] 已进入 /home 页面
INFO     RFPContractMapPage:rfp_contract_map_page.py:92 开始进入签约页面
INFO     RFPContractMapPage:rfp_contract_map_page.py:117 [OK] 已进入签约页面
INFO     RFPContractMapPage:rfp_contract_map_page.py:126 开始点击已启动 Tab
INFO     RFPContractMapPage:rfp_contract_map_page.py:138 [OK] 已点击已启动 Tab
INFO     RFPContractMapPage:rfp_contract_map_page.py:147 开始搜索项目: 自动化测试项目-页面详情页价格变换
INFO     RFPContractMapPage:rfp_contract_map_page.py:172 [OK] 项目搜索完成: 自动化测试项目-页面详情页价格变换
INFO     RFPContractMapPage:rfp_contract_map_page.py:181 开始点击首个去签约按钮
INFO     RFPContractMapPage:rfp_contract_map_page.py:193 [OK] 已点击去签约按钮
INFO     utils.excel_utils:excel_utils.py:59 签约状态导入文件已生成: D:\work_dev\RFP-NEW\rfp-ui-test\data\temp\RFP_detail_import_detail_price_007.xlsx
INFO     RFPContractMapPage:rfp_contract_map_page.py:206 切换至列表签约
INFO     RFPContractMapPage:rfp_contract_map_page.py:216 [OK] 已切换至列表签约
INFO     RFPContractMapPage:rfp_contract_map_page.py:248 导入签约状态文件: D:\work_dev\RFP-NEW\rfp-ui-test\data\temp\RFP_detail_import_detail_price_007.xlsx
INFO     RFPContractMapPage:rfp_contract_map_page.py:255 [OK] 签约状态文件已导入
INFO     RFPContractMapPage:rfp_contract_map_page.py:225 切换至地图签约
INFO     RFPContractMapPage:rfp_contract_map_page.py:235 [OK] 已切换至地图签约
INFO     RFPContractMapPage:rfp_contract_map_page.py:268 点击价格状态页签: 修订报价
INFO     RFPContractMapPage:rfp_contract_map_page.py:280 [OK] 已点击价格状态页签: 修订报价
INFO     RFPContractMapPage:rfp_contract_map_page.py:293 点击首个酒店
INFO     RFPContractMapPage:rfp_contract_map_page.py:303 [OK] 已点击首个酒店
INFO     RFPContractMapPage:rfp_contract_map_page.py:436 开始点击查看报价详情按钮
INFO     RFPContractMapPage:rfp_contract_map_page.py:453 [OK] 报价详情页已打开
INFO     RFPDetailPageProject:rfp_detailPage_project.py:375 点击操作按钮: 确认中签
INFO     RFPDetailPageProject:rfp_detailPage_project.py:383 [OK] 已点击操作按钮: 确认中签
INFO     RFPDetailPageProject:rfp_detailPage_project.py:408 输入留言: 修改价格状态：修订报价→已中签
INFO     RFPDetailPageProject:rfp_detailPage_project.py:417 [OK] 留言已输入
INFO     RFPDetailPageProject:rfp_detailPage_project.py:426 点击确定按钮
ERROR    RFPDetailPageProject:rfp_detailPage_project.py:439 点击确定按钮失败: Timeout 5000ms exceeded.
---------------------------- Captured log teardown ----------------------------
INFO     tests.operate.rfp_management.conftest:conftest.py:136 Test completed - page state will be reset for next test
---------------------------- Captured log teardown ----------------------------
INFO     tests.operate.rfp_management.conftest:conftest.py:136 Test completed - page state will be reset for next test
---------------------------- Captured log teardown ----------------------------
INFO     tests.operate.rfp_management.conftest:conftest.py:136 Test completed - page state will be reset for next test
---------------------------- Captured log teardown ----------------------------
INFO     tests.operate.rfp_management.conftest:conftest.py:136 Test completed - page state will be reset for next test
____________________ TestRFPContractList.test_void_project ____________________
[gw3] win32 -- Python 3.12.0 D:\work_dev\RFP-NEW\rfp-ui-test\.venv\Scripts\python.exe
tests\operate\rfp_management\test_rfp_contract_list.py:560: in test_void_project
    await create_page.navigate_to_create_project()
pages\operate\rfp_management\create_rfp_project_page.py:99: in navigate_to_create_project
    await create_option.wait_for(timeout=timeout_config.get_element_timeout())
.venv\Lib\site-packages\playwright\async_api\_generated.py:18191: in wait_for
    await self._impl_obj.wait_for(timeout=timeout, state=state)
.venv\Lib\site-packages\playwright\_impl\_locator.py:670: in wait_for
    await self._frame.wait_for_selector(
.venv\Lib\site-packages\playwright\_impl\_frame.py:317: in wait_for_selector
    await self._channel.send("waitForSelector", locals_to_params(locals()))
.venv\Lib\site-packages\playwright\_impl\_connection.py:62: in send
    return await self._connection.wrap_api_call(
.venv\Lib\site-packages\playwright\_impl\_connection.py:492: in wrap_api_call
    return await cb()
.venv\Lib\site-packages\playwright\_impl\_connection.py:100: in inner_send
    result = next(iter(done)).result()
E   playwright._impl._errors.Error: Error: strict mode violation: get_by_text("发布项目", exact=True) resolved to 2 elements:
E       1) <div class="c-view" data-v-2c246be4="">发布项目</div> aka get_by_text("发布项目").first
E       2) <div title="发布项目" class="c-view ellipsis grow">发布项目</div> aka get_by_title("发布项目")
----------------------------- Captured log setup ------------------------------
INFO     tests.operate.rfp_management.conftest:conftest.py:121 Resetting page to /home - ensuring consistent test state
INFO     tests.operate.rfp_management.conftest:conftest.py:128 Navigating to home page: https://testenv.fangcang.com/RFP/operate.html#/home
INFO     tests.operate.rfp_management.conftest:conftest.py:130 Page reset to /home - ready for test execution
------------------------------ Captured log call ------------------------------
INFO     tests.operate.rfp_management.test_rfp_contract_list:test_rfp_contract_list.py:555 Starting SIGN-LIST-019 作废项目测试, 项目=自动化测试-作废项目-20260720110436
INFO     CreateRFPProjectPage:create_rfp_project_page.py:83 开始导航至创建 RFP 项目页面
ERROR    CreateRFPProjectPage:create_rfp_project_page.py:107 导航至创建项目页面失败: Error: strict mode violation: get_by_text("发布项目", exact=True) resolved to 2 elements:
    1) <div class="c-view" data-v-2c246be4="">发布项目</div> aka get_by_text("发布项目").first
    2) <div title="发布项目" class="c-view ellipsis grow">发布项目</div> aka get_by_title("发布项目")
---------------------------- Captured log teardown ----------------------------
INFO     tests.operate.rfp_management.conftest:conftest.py:136 Test completed - page state will be reset for next test
----------------------------- Captured log setup ------------------------------
INFO     tests.operate.rfp_management.conftest:conftest.py:121 Resetting page to /home - ensuring consistent test state
INFO     tests.operate.rfp_management.conftest:conftest.py:128 Navigating to home page: https://testenv.fangcang.com/RFP/operate.html#/home
INFO     tests.operate.rfp_management.conftest:conftest.py:130 Page reset to /home - ready for test execution
------------------------------ Captured log call ------------------------------
INFO     tests.operate.rfp_management.test_rfp_contract_list:test_rfp_contract_list.py:555 Starting SIGN-LIST-019 作废项目测试, 项目=自动化测试-作废项目-20260720110439
INFO     CreateRFPProjectPage:create_rfp_project_page.py:83 开始导航至创建 RFP 项目页面
ERROR    CreateRFPProjectPage:create_rfp_project_page.py:107 导航至创建项目页面失败: Error: strict mode violation: get_by_text("发布项目", exact=True) resolved to 2 elements:
    1) <div class="c-view" data-v-2c246be4="">发布项目</div> aka get_by_text("发布项目").first
    2) <div title="发布项目" class="c-view ellipsis grow">发布项目</div> aka get_by_title("发布项目")
---------------------------- Captured log teardown ----------------------------
INFO     tests.operate.rfp_management.conftest:conftest.py:136 Test completed - page state will be reset for next test
----------------------------- Captured log setup ------------------------------
INFO     tests.operate.rfp_management.conftest:conftest.py:121 Resetting page to /home - ensuring consistent test state
INFO     tests.operate.rfp_management.conftest:conftest.py:128 Navigating to home page: https://testenv.fangcang.com/RFP/operate.html#/home
INFO     tests.operate.rfp_management.conftest:conftest.py:130 Page reset to /home - ready for test execution
------------------------------ Captured log call ------------------------------
INFO     tests.operate.rfp_management.test_rfp_contract_list:test_rfp_contract_list.py:555 Starting SIGN-LIST-019 作废项目测试, 项目=自动化测试-作废项目-20260720110443
INFO     CreateRFPProjectPage:create_rfp_project_page.py:83 开始导航至创建 RFP 项目页面
ERROR    CreateRFPProjectPage:create_rfp_project_page.py:107 导航至创建项目页面失败: Error: strict mode violation: get_by_text("发布项目", exact=True) resolved to 2 elements:
    1) <div class="c-view" data-v-2c246be4="">发布项目</div> aka get_by_text("发布项目").first
    2) <div title="发布项目" class="c-view ellipsis grow">发布项目</div> aka get_by_title("发布项目")
---------------------------- Captured log teardown ----------------------------
INFO     tests.operate.rfp_management.conftest:conftest.py:136 Test completed - page state will be reset for next test
----------------------------- Captured log setup ------------------------------
INFO     tests.operate.rfp_management.conftest:conftest.py:121 Resetting page to /home - ensuring consistent test state
INFO     tests.operate.rfp_management.conftest:conftest.py:128 Navigating to home page: https://testenv.fangcang.com/RFP/operate.html#/home
INFO     tests.operate.rfp_management.conftest:conftest.py:130 Page reset to /home - ready for test execution
------------------------------ Captured log call ------------------------------
INFO     tests.operate.rfp_management.test_rfp_contract_list:test_rfp_contract_list.py:555 Starting SIGN-LIST-019 作废项目测试, 项目=自动化测试-作废项目-20260720110447
INFO     CreateRFPProjectPage:create_rfp_project_page.py:83 开始导航至创建 RFP 项目页面
ERROR    CreateRFPProjectPage:create_rfp_project_page.py:107 导航至创建项目页面失败: Error: strict mode violation: get_by_text("发布项目", exact=True) resolved to 2 elements:
    1) <div class="c-view" data-v-2c246be4="">发布项目</div> aka get_by_text("发布项目").first
    2) <div title="发布项目" class="c-view ellipsis grow">发布项目</div> aka get_by_title("发布项目")
---------------------------- Captured log teardown ----------------------------
INFO     tests.operate.rfp_management.conftest:conftest.py:136 Test completed - page state will be reset for next test
---------------------------- Captured log teardown ----------------------------
INFO     tests.operate.rfp_management.conftest:conftest.py:136 Test completed - page state will be reset for next test
---------------------------- Captured log teardown ----------------------------
INFO     tests.operate.rfp_management.conftest:conftest.py:136 Test completed - page state will be reset for next test
---------------------------- Captured log teardown ----------------------------
INFO     tests.operate.rfp_management.conftest:conftest.py:136 Test completed - page state will be reset for next test
INFO     tests.operate.rfp_management.conftest:conftest.py:102 Operate user fixture cleanup - page ready for next test
INFO     tests.operate.rfp_management.conftest:conftest.py:46 Closing module-level page and context
____________ TestRFPContractList.test_combined_filter[case_data0] _____________
[gw2] win32 -- Python 3.12.0 D:\work_dev\RFP-NEW\rfp-ui-test\.venv\Scripts\python.exe
tests\operate\rfp_management\test_rfp_contract_list.py:262: in test_combined_filter
    await contract_list_page.combined_search(
pages\operate\rfp_management\rfp_contract_list_page.py:345: in combined_search
    await self.search_by_org_name(org_name)
pages\operate\rfp_management\rfp_contract_list_page.py:319: in search_by_org_name
    await panel.wait_for(timeout=timeout_config.get_element_timeout())
.venv\Lib\site-packages\playwright\async_api\_generated.py:18191: in wait_for
    await self._impl_obj.wait_for(timeout=timeout, state=state)
.venv\Lib\site-packages\playwright\_impl\_locator.py:670: in wait_for
    await self._frame.wait_for_selector(
.venv\Lib\site-packages\playwright\_impl\_frame.py:317: in wait_for_selector
    await self._channel.send("waitForSelector", locals_to_params(locals()))
.venv\Lib\site-packages\playwright\_impl\_connection.py:62: in send
    return await self._connection.wrap_api_call(
.venv\Lib\site-packages\playwright\_impl\_connection.py:492: in wrap_api_call
    return await cb()
.venv\Lib\site-packages\playwright\_impl\_connection.py:100: in inner_send
    result = next(iter(done)).result()
E   playwright._impl._errors.TimeoutError: Timeout 5000ms exceeded.
----------------------------- Captured log setup ------------------------------
INFO     tests.operate.rfp_management.conftest:conftest.py:121 Resetting page to /home - ensuring consistent test state
INFO     tests.operate.rfp_management.conftest:conftest.py:128 Navigating to home page: https://testenv.fangcang.com/RFP/operate.html#/home
INFO     tests.operate.rfp_management.conftest:conftest.py:130 Page reset to /home - ready for test execution
------------------------------ Captured log call ------------------------------
INFO     tests.operate.rfp_management.test_rfp_contract_list:test_rfp_contract_list.py:254 Starting SIGN-LIST-010: 组合筛选
INFO     RFPContractListPage:rfp_contract_list_page.py:97 开始进入 /home 页面
INFO     RFPContractListPage:base_page.py:24 Navigating to https://testenv.fangcang.com/RFP/operate.html#/home
INFO     RFPContractListPage:rfp_contract_list_page.py:105 [OK] 已进入 /home 页面
INFO     RFPContractListPage:rfp_contract_list_page.py:109 开始通过菜单进入签约页面
INFO     RFPContractListPage:rfp_contract_list_page.py:120 '签约'子菜单已可见，直接点击
INFO     RFPContractListPage:rfp_contract_list_page.py:123 [OK] 已进入签约页面
INFO     RFPContractListPage:rfp_contract_list_page.py:344 组合筛选: 机构=测试机构hy, 项目=hy-自动化项目-未完成项, 创建人=郑尧辉
INFO     RFPContractListPage:rfp_contract_list_page.py:313 按机构名筛选: 测试机构hy
---------------------------- Captured log teardown ----------------------------
INFO     tests.operate.rfp_management.conftest:conftest.py:136 Test completed - page state will be reset for next test
----------------------------- Captured log setup ------------------------------
INFO     tests.operate.rfp_management.conftest:conftest.py:121 Resetting page to /home - ensuring consistent test state
INFO     tests.operate.rfp_management.conftest:conftest.py:128 Navigating to home page: https://testenv.fangcang.com/RFP/operate.html#/home
INFO     tests.operate.rfp_management.conftest:conftest.py:130 Page reset to /home - ready for test execution
------------------------------ Captured log call ------------------------------
INFO     tests.operate.rfp_management.test_rfp_contract_list:test_rfp_contract_list.py:254 Starting SIGN-LIST-010: 组合筛选
INFO     RFPContractListPage:rfp_contract_list_page.py:97 开始进入 /home 页面
INFO     RFPContractListPage:base_page.py:24 Navigating to https://testenv.fangcang.com/RFP/operate.html#/home
INFO     RFPContractListPage:rfp_contract_list_page.py:105 [OK] 已进入 /home 页面
INFO     RFPContractListPage:rfp_contract_list_page.py:109 开始通过菜单进入签约页面
INFO     RFPContractListPage:rfp_contract_list_page.py:120 '签约'子菜单已可见，直接点击
INFO     RFPContractListPage:rfp_contract_list_page.py:123 [OK] 已进入签约页面
INFO     RFPContractListPage:rfp_contract_list_page.py:344 组合筛选: 机构=测试机构hy, 项目=hy-自动化项目-未完成项, 创建人=郑尧辉
INFO     RFPContractListPage:rfp_contract_list_page.py:313 按机构名筛选: 测试机构hy
---------------------------- Captured log teardown ----------------------------
INFO     tests.operate.rfp_management.conftest:conftest.py:136 Test completed - page state will be reset for next test
----------------------------- Captured log setup ------------------------------
INFO     tests.operate.rfp_management.conftest:conftest.py:121 Resetting page to /home - ensuring consistent test state
INFO     tests.operate.rfp_management.conftest:conftest.py:128 Navigating to home page: https://testenv.fangcang.com/RFP/operate.html#/home
INFO     tests.operate.rfp_management.conftest:conftest.py:130 Page reset to /home - ready for test execution
------------------------------ Captured log call ------------------------------
INFO     tests.operate.rfp_management.test_rfp_contract_list:test_rfp_contract_list.py:254 Starting SIGN-LIST-010: 组合筛选
INFO     RFPContractListPage:rfp_contract_list_page.py:97 开始进入 /home 页面
INFO     RFPContractListPage:base_page.py:24 Navigating to https://testenv.fangcang.com/RFP/operate.html#/home
INFO     RFPContractListPage:rfp_contract_list_page.py:105 [OK] 已进入 /home 页面
INFO     RFPContractListPage:rfp_contract_list_page.py:109 开始通过菜单进入签约页面
INFO     RFPContractListPage:rfp_contract_list_page.py:120 '签约'子菜单已可见，直接点击
INFO     RFPContractListPage:rfp_contract_list_page.py:123 [OK] 已进入签约页面
INFO     RFPContractListPage:rfp_contract_list_page.py:344 组合筛选: 机构=测试机构hy, 项目=hy-自动化项目-未完成项, 创建人=郑尧辉
INFO     RFPContractListPage:rfp_contract_list_page.py:313 按机构名筛选: 测试机构hy
---------------------------- Captured log teardown ----------------------------
INFO     tests.operate.rfp_management.conftest:conftest.py:136 Test completed - page state will be reset for next test
----------------------------- Captured log setup ------------------------------
INFO     tests.operate.rfp_management.conftest:conftest.py:121 Resetting page to /home - ensuring consistent test state
INFO     tests.operate.rfp_management.conftest:conftest.py:128 Navigating to home page: https://testenv.fangcang.com/RFP/operate.html#/home
INFO     tests.operate.rfp_management.conftest:conftest.py:130 Page reset to /home - ready for test execution
------------------------------ Captured log call ------------------------------
INFO     tests.operate.rfp_management.test_rfp_contract_list:test_rfp_contract_list.py:254 Starting SIGN-LIST-010: 组合筛选
INFO     RFPContractListPage:rfp_contract_list_page.py:97 开始进入 /home 页面
INFO     RFPContractListPage:base_page.py:24 Navigating to https://testenv.fangcang.com/RFP/operate.html#/home
INFO     RFPContractListPage:rfp_contract_list_page.py:105 [OK] 已进入 /home 页面
INFO     RFPContractListPage:rfp_contract_list_page.py:109 开始通过菜单进入签约页面
INFO     RFPContractListPage:rfp_contract_list_page.py:120 '签约'子菜单已可见，直接点击
INFO     RFPContractListPage:rfp_contract_list_page.py:123 [OK] 已进入签约页面
INFO     RFPContractListPage:rfp_contract_list_page.py:344 组合筛选: 机构=测试机构hy, 项目=hy-自动化项目-未完成项, 创建人=郑尧辉
INFO     RFPContractListPage:rfp_contract_list_page.py:313 按机构名筛选: 测试机构hy
---------------------------- Captured log teardown ----------------------------
INFO     tests.operate.rfp_management.conftest:conftest.py:136 Test completed - page state will be reset for next test
---------------------------- Captured log teardown ----------------------------
INFO     tests.operate.rfp_management.conftest:conftest.py:136 Test completed - page state will be reset for next test
---------------------------- Captured log teardown ----------------------------
INFO     tests.operate.rfp_management.conftest:conftest.py:136 Test completed - page state will be reset for next test
---------------------------- Captured log teardown ----------------------------
INFO     tests.operate.rfp_management.conftest:conftest.py:136 Test completed - page state will be reset for next test
_ TestRFPContractPriceStatus.test_RFP_contract_price_status_change[price_006] _
[gw0] win32 -- Python 3.12.0 D:\work_dev\RFP-NEW\rfp-ui-test\.venv\Scripts\python.exe
tests\operate\rfp_management\test_rfp_contract_price_status.py:212: in test_RFP_contract_price_status_change
    await map_page.click_action_by_type(action)
pages\operate\rfp_management\rfp_contract_map_page.py:402: in click_action_by_type
    await handler()
pages\operate\rfp_management\rfp_contract_map_page.py:337: in click_continue_negotiation
    await btn.wait_for(timeout=timeout_config.get_element_timeout())
.venv\Lib\site-packages\playwright\async_api\_generated.py:18191: in wait_for
    await self._impl_obj.wait_for(timeout=timeout, state=state)
.venv\Lib\site-packages\playwright\_impl\_locator.py:670: in wait_for
    await self._frame.wait_for_selector(
.venv\Lib\site-packages\playwright\_impl\_frame.py:317: in wait_for_selector
    await self._channel.send("waitForSelector", locals_to_params(locals()))
.venv\Lib\site-packages\playwright\_impl\_connection.py:62: in send
    return await self._connection.wrap_api_call(
.venv\Lib\site-packages\playwright\_impl\_connection.py:492: in wrap_api_call
    return await cb()
.venv\Lib\site-packages\playwright\_impl\_connection.py:100: in inner_send
    result = next(iter(done)).result()
E   playwright._impl._errors.TimeoutError: Timeout 5000ms exceeded.
----------------------------- Captured log setup ------------------------------
INFO     tests.operate.rfp_management.conftest:conftest.py:121 Resetting page to /home - ensuring consistent test state
INFO     tests.operate.rfp_management.conftest:conftest.py:128 Navigating to home page: https://testenv.fangcang.com/RFP/operate.html#/home
INFO     tests.operate.rfp_management.conftest:conftest.py:130 Page reset to /home - ready for test execution
------------------------------ Captured log call ------------------------------
INFO     tests.operate.rfp_management.test_rfp_contract_price_status:test_rfp_contract_price_status.py:159 Starting price status change test, case: price_006, project: 自动化测试项目-价格变换, 修订报价 → 议价中
INFO     RFPContractMapPage:rfp_contract_map_page.py:72 开始进入 /home 页面
INFO     RFPContractMapPage:base_page.py:24 Navigating to https://testenv.fangcang.com/RFP/operate.html#/home
INFO     RFPContractMapPage:rfp_contract_map_page.py:83 [OK] 已进入 /home 页面
INFO     RFPContractMapPage:rfp_contract_map_page.py:92 开始进入签约页面
INFO     RFPContractMapPage:rfp_contract_map_page.py:117 [OK] 已进入签约页面
INFO     RFPContractMapPage:rfp_contract_map_page.py:126 开始点击已启动 Tab
INFO     RFPContractMapPage:rfp_contract_map_page.py:138 [OK] 已点击已启动 Tab
INFO     RFPContractMapPage:rfp_contract_map_page.py:147 开始搜索项目: 自动化测试项目-价格变换
INFO     RFPContractMapPage:rfp_contract_map_page.py:172 [OK] 项目搜索完成: 自动化测试项目-价格变换
INFO     RFPContractMapPage:rfp_contract_map_page.py:181 开始点击首个去签约按钮
INFO     RFPContractMapPage:rfp_contract_map_page.py:193 [OK] 已点击去签约按钮
INFO     utils.excel_utils:excel_utils.py:59 签约状态导入文件已生成: D:\work_dev\RFP-NEW\rfp-ui-test\data\temp\RFP_import_signing_status_price_006.xlsx
INFO     RFPContractMapPage:rfp_contract_map_page.py:206 切换至列表签约
INFO     RFPContractMapPage:rfp_contract_map_page.py:216 [OK] 已切换至列表签约
INFO     RFPContractMapPage:rfp_contract_map_page.py:248 导入签约状态文件: D:\work_dev\RFP-NEW\rfp-ui-test\data\temp\RFP_import_signing_status_price_006.xlsx
INFO     RFPContractMapPage:rfp_contract_map_page.py:255 [OK] 签约状态文件已导入
INFO     RFPContractMapPage:rfp_contract_map_page.py:225 切换至地图签约
INFO     RFPContractMapPage:rfp_contract_map_page.py:235 [OK] 已切换至地图签约
INFO     RFPContractMapPage:rfp_contract_map_page.py:268 点击价格状态页签: 修订报价
INFO     RFPContractMapPage:rfp_contract_map_page.py:280 [OK] 已点击价格状态页签: 修订报价
INFO     RFPContractMapPage:rfp_contract_map_page.py:293 点击首个酒店
INFO     RFPContractMapPage:rfp_contract_map_page.py:303 [OK] 已点击首个酒店
INFO     RFPContractMapPage:rfp_contract_map_page.py:329 点击继续议价按钮
ERROR    RFPContractMapPage:rfp_contract_map_page.py:343 点击继续议价按钮失败: Timeout 5000ms exceeded.
---------------------------- Captured log teardown ----------------------------
INFO     tests.operate.rfp_management.conftest:conftest.py:136 Test completed - page state will be reset for next test
----------------------------- Captured log setup ------------------------------
INFO     tests.operate.rfp_management.conftest:conftest.py:121 Resetting page to /home - ensuring consistent test state
INFO     tests.operate.rfp_management.conftest:conftest.py:128 Navigating to home page: https://testenv.fangcang.com/RFP/operate.html#/home
INFO     tests.operate.rfp_management.conftest:conftest.py:130 Page reset to /home - ready for test execution
------------------------------ Captured log call ------------------------------
INFO     tests.operate.rfp_management.test_rfp_contract_price_status:test_rfp_contract_price_status.py:159 Starting price status change test, case: price_006, project: 自动化测试项目-价格变换, 修订报价 → 议价中
INFO     RFPContractMapPage:rfp_contract_map_page.py:72 开始进入 /home 页面
INFO     RFPContractMapPage:base_page.py:24 Navigating to https://testenv.fangcang.com/RFP/operate.html#/home
INFO     RFPContractMapPage:rfp_contract_map_page.py:83 [OK] 已进入 /home 页面
INFO     RFPContractMapPage:rfp_contract_map_page.py:92 开始进入签约页面
INFO     RFPContractMapPage:rfp_contract_map_page.py:117 [OK] 已进入签约页面
INFO     RFPContractMapPage:rfp_contract_map_page.py:126 开始点击已启动 Tab
INFO     RFPContractMapPage:rfp_contract_map_page.py:138 [OK] 已点击已启动 Tab
INFO     RFPContractMapPage:rfp_contract_map_page.py:147 开始搜索项目: 自动化测试项目-价格变换
INFO     RFPContractMapPage:rfp_contract_map_page.py:172 [OK] 项目搜索完成: 自动化测试项目-价格变换
INFO     RFPContractMapPage:rfp_contract_map_page.py:181 开始点击首个去签约按钮
INFO     RFPContractMapPage:rfp_contract_map_page.py:193 [OK] 已点击去签约按钮
INFO     utils.excel_utils:excel_utils.py:59 签约状态导入文件已生成: D:\work_dev\RFP-NEW\rfp-ui-test\data\temp\RFP_import_signing_status_price_006.xlsx
INFO     RFPContractMapPage:rfp_contract_map_page.py:206 切换至列表签约
INFO     RFPContractMapPage:rfp_contract_map_page.py:216 [OK] 已切换至列表签约
INFO     RFPContractMapPage:rfp_contract_map_page.py:248 导入签约状态文件: D:\work_dev\RFP-NEW\rfp-ui-test\data\temp\RFP_import_signing_status_price_006.xlsx
INFO     RFPContractMapPage:rfp_contract_map_page.py:255 [OK] 签约状态文件已导入
INFO     RFPContractMapPage:rfp_contract_map_page.py:225 切换至地图签约
INFO     RFPContractMapPage:rfp_contract_map_page.py:235 [OK] 已切换至地图签约
INFO     RFPContractMapPage:rfp_contract_map_page.py:268 点击价格状态页签: 修订报价
INFO     RFPContractMapPage:rfp_contract_map_page.py:280 [OK] 已点击价格状态页签: 修订报价
INFO     RFPContractMapPage:rfp_contract_map_page.py:293 点击首个酒店
INFO     RFPContractMapPage:rfp_contract_map_page.py:303 [OK] 已点击首个酒店
INFO     RFPContractMapPage:rfp_contract_map_page.py:329 点击继续议价按钮
ERROR    RFPContractMapPage:rfp_contract_map_page.py:343 点击继续议价按钮失败: Timeout 5000ms exceeded.
---------------------------- Captured log teardown ----------------------------
INFO     tests.operate.rfp_management.conftest:conftest.py:136 Test completed - page state will be reset for next test
----------------------------- Captured log setup ------------------------------
INFO     tests.operate.rfp_management.conftest:conftest.py:121 Resetting page to /home - ensuring consistent test state
INFO     tests.operate.rfp_management.conftest:conftest.py:128 Navigating to home page: https://testenv.fangcang.com/RFP/operate.html#/home
INFO     tests.operate.rfp_management.conftest:conftest.py:130 Page reset to /home - ready for test execution
------------------------------ Captured log call ------------------------------
INFO     tests.operate.rfp_management.test_rfp_contract_price_status:test_rfp_contract_price_status.py:159 Starting price status change test, case: price_006, project: 自动化测试项目-价格变换, 修订报价 → 议价中
INFO     RFPContractMapPage:rfp_contract_map_page.py:72 开始进入 /home 页面
INFO     RFPContractMapPage:base_page.py:24 Navigating to https://testenv.fangcang.com/RFP/operate.html#/home
INFO     RFPContractMapPage:rfp_contract_map_page.py:83 [OK] 已进入 /home 页面
INFO     RFPContractMapPage:rfp_contract_map_page.py:92 开始进入签约页面
INFO     RFPContractMapPage:rfp_contract_map_page.py:117 [OK] 已进入签约页面
INFO     RFPContractMapPage:rfp_contract_map_page.py:126 开始点击已启动 Tab
INFO     RFPContractMapPage:rfp_contract_map_page.py:138 [OK] 已点击已启动 Tab
INFO     RFPContractMapPage:rfp_contract_map_page.py:147 开始搜索项目: 自动化测试项目-价格变换
INFO     RFPContractMapPage:rfp_contract_map_page.py:172 [OK] 项目搜索完成: 自动化测试项目-价格变换
INFO     RFPContractMapPage:rfp_contract_map_page.py:181 开始点击首个去签约按钮
INFO     RFPContractMapPage:rfp_contract_map_page.py:193 [OK] 已点击去签约按钮
INFO     utils.excel_utils:excel_utils.py:59 签约状态导入文件已生成: D:\work_dev\RFP-NEW\rfp-ui-test\data\temp\RFP_import_signing_status_price_006.xlsx
INFO     RFPContractMapPage:rfp_contract_map_page.py:206 切换至列表签约
INFO     RFPContractMapPage:rfp_contract_map_page.py:216 [OK] 已切换至列表签约
INFO     RFPContractMapPage:rfp_contract_map_page.py:248 导入签约状态文件: D:\work_dev\RFP-NEW\rfp-ui-test\data\temp\RFP_import_signing_status_price_006.xlsx
INFO     RFPContractMapPage:rfp_contract_map_page.py:255 [OK] 签约状态文件已导入
INFO     RFPContractMapPage:rfp_contract_map_page.py:225 切换至地图签约
INFO     RFPContractMapPage:rfp_contract_map_page.py:235 [OK] 已切换至地图签约
INFO     RFPContractMapPage:rfp_contract_map_page.py:268 点击价格状态页签: 修订报价
INFO     RFPContractMapPage:rfp_contract_map_page.py:280 [OK] 已点击价格状态页签: 修订报价
INFO     RFPContractMapPage:rfp_contract_map_page.py:293 点击首个酒店
INFO     RFPContractMapPage:rfp_contract_map_page.py:303 [OK] 已点击首个酒店
INFO     RFPContractMapPage:rfp_contract_map_page.py:329 点击继续议价按钮
ERROR    RFPContractMapPage:rfp_contract_map_page.py:343 点击继续议价按钮失败: Timeout 5000ms exceeded.
---------------------------- Captured log teardown ----------------------------
INFO     tests.operate.rfp_management.conftest:conftest.py:136 Test completed - page state will be reset for next test
----------------------------- Captured log setup ------------------------------
INFO     tests.operate.rfp_management.conftest:conftest.py:121 Resetting page to /home - ensuring consistent test state
INFO     tests.operate.rfp_management.conftest:conftest.py:128 Navigating to home page: https://testenv.fangcang.com/RFP/operate.html#/home
INFO     tests.operate.rfp_management.conftest:conftest.py:130 Page reset to /home - ready for test execution
------------------------------ Captured log call ------------------------------
INFO     tests.operate.rfp_management.test_rfp_contract_price_status:test_rfp_contract_price_status.py:159 Starting price status change test, case: price_006, project: 自动化测试项目-价格变换, 修订报价 → 议价中
INFO     RFPContractMapPage:rfp_contract_map_page.py:72 开始进入 /home 页面
INFO     RFPContractMapPage:base_page.py:24 Navigating to https://testenv.fangcang.com/RFP/operate.html#/home
INFO     RFPContractMapPage:rfp_contract_map_page.py:83 [OK] 已进入 /home 页面
INFO     RFPContractMapPage:rfp_contract_map_page.py:92 开始进入签约页面
INFO     RFPContractMapPage:rfp_contract_map_page.py:117 [OK] 已进入签约页面
INFO     RFPContractMapPage:rfp_contract_map_page.py:126 开始点击已启动 Tab
INFO     RFPContractMapPage:rfp_contract_map_page.py:138 [OK] 已点击已启动 Tab
INFO     RFPContractMapPage:rfp_contract_map_page.py:147 开始搜索项目: 自动化测试项目-价格变换
INFO     RFPContractMapPage:rfp_contract_map_page.py:172 [OK] 项目搜索完成: 自动化测试项目-价格变换
INFO     RFPContractMapPage:rfp_contract_map_page.py:181 开始点击首个去签约按钮
INFO     RFPContractMapPage:rfp_contract_map_page.py:193 [OK] 已点击去签约按钮
INFO     utils.excel_utils:excel_utils.py:59 签约状态导入文件已生成: D:\work_dev\RFP-NEW\rfp-ui-test\data\temp\RFP_import_signing_status_price_006.xlsx
INFO     RFPContractMapPage:rfp_contract_map_page.py:206 切换至列表签约
INFO     RFPContractMapPage:rfp_contract_map_page.py:216 [OK] 已切换至列表签约
INFO     RFPContractMapPage:rfp_contract_map_page.py:248 导入签约状态文件: D:\work_dev\RFP-NEW\rfp-ui-test\data\temp\RFP_import_signing_status_price_006.xlsx
INFO     RFPContractMapPage:rfp_contract_map_page.py:255 [OK] 签约状态文件已导入
INFO     RFPContractMapPage:rfp_contract_map_page.py:225 切换至地图签约
INFO     RFPContractMapPage:rfp_contract_map_page.py:235 [OK] 已切换至地图签约
INFO     RFPContractMapPage:rfp_contract_map_page.py:268 点击价格状态页签: 修订报价
INFO     RFPContractMapPage:rfp_contract_map_page.py:280 [OK] 已点击价格状态页签: 修订报价
INFO     RFPContractMapPage:rfp_contract_map_page.py:293 点击首个酒店
INFO     RFPContractMapPage:rfp_contract_map_page.py:303 [OK] 已点击首个酒店
INFO     RFPContractMapPage:rfp_contract_map_page.py:329 点击继续议价按钮
ERROR    RFPContractMapPage:rfp_contract_map_page.py:343 点击继续议价按钮失败: Timeout 5000ms exceeded.
---------------------------- Captured log teardown ----------------------------
INFO     tests.operate.rfp_management.conftest:conftest.py:136 Test completed - page state will be reset for next test
---------------------------- Captured log teardown ----------------------------
INFO     tests.operate.rfp_management.conftest:conftest.py:136 Test completed - page state will be reset for next test
---------------------------- Captured log teardown ----------------------------
INFO     tests.operate.rfp_management.conftest:conftest.py:136 Test completed - page state will be reset for next test
---------------------------- Captured log teardown ----------------------------
INFO     tests.operate.rfp_management.conftest:conftest.py:136 Test completed - page state will be reset for next test
__________ TestRFPContractList.test_void_project_cancel[case_data0] ___________
[gw2] win32 -- Python 3.12.0 D:\work_dev\RFP-NEW\rfp-ui-test\.venv\Scripts\python.exe
tests\operate\rfp_management\test_rfp_contract_list.py:629: in test_void_project_cancel
    assert found, f"未找到目标项目: {project_name}"
E   AssertionError: 未找到目标项目: 自动化测试项目-固定未启动列
E   assert False
----------------------------- Captured log setup ------------------------------
INFO     tests.operate.rfp_management.conftest:conftest.py:121 Resetting page to /home - ensuring consistent test state
INFO     tests.operate.rfp_management.conftest:conftest.py:128 Navigating to home page: https://testenv.fangcang.com/RFP/operate.html#/home
INFO     tests.operate.rfp_management.conftest:conftest.py:130 Page reset to /home - ready for test execution
------------------------------ Captured log call ------------------------------
INFO     tests.operate.rfp_management.test_rfp_contract_list:test_rfp_contract_list.py:619 Starting SIGN-LIST-020 作废取消测试, 项目=自动化测试项目-固定未启动列
INFO     RFPContractListPage:rfp_contract_list_page.py:97 开始进入 /home 页面
INFO     RFPContractListPage:base_page.py:24 Navigating to https://testenv.fangcang.com/RFP/operate.html#/home
INFO     RFPContractListPage:rfp_contract_list_page.py:105 [OK] 已进入 /home 页面
INFO     RFPContractListPage:rfp_contract_list_page.py:109 开始通过菜单进入签约页面
INFO     RFPContractListPage:rfp_contract_list_page.py:120 '签约'子菜单已可见，直接点击
INFO     RFPContractListPage:rfp_contract_list_page.py:123 [OK] 已进入签约页面
INFO     RFPContractListPage:rfp_contract_list_page.py:301 按签约项目名称筛选: 自动化测试项目-固定未启动列
INFO     RFPContractListPage:rfp_contract_list_page.py:309 签约项目名称筛选完成: 自动化测试项目-固定未启动列
INFO     RFPContractListPage:rfp_contract_list_page.py:465 验证列表中存在项目: 自动化测试项目-固定未启动列
WARNING  RFPContractListPage:rfp_contract_list_page.py:472 列表中未找到项目: 自动化测试项目-固定未启动列
---------------------------- Captured log teardown ----------------------------
INFO     tests.operate.rfp_management.conftest:conftest.py:136 Test completed - page state will be reset for next test
----------------------------- Captured log setup ------------------------------
INFO     tests.operate.rfp_management.conftest:conftest.py:121 Resetting page to /home - ensuring consistent test state
INFO     tests.operate.rfp_management.conftest:conftest.py:128 Navigating to home page: https://testenv.fangcang.com/RFP/operate.html#/home
INFO     tests.operate.rfp_management.conftest:conftest.py:130 Page reset to /home - ready for test execution
------------------------------ Captured log call ------------------------------
INFO     tests.operate.rfp_management.test_rfp_contract_list:test_rfp_contract_list.py:619 Starting SIGN-LIST-020 作废取消测试, 项目=自动化测试项目-固定未启动列
INFO     RFPContractListPage:rfp_contract_list_page.py:97 开始进入 /home 页面
INFO     RFPContractListPage:base_page.py:24 Navigating to https://testenv.fangcang.com/RFP/operate.html#/home
INFO     RFPContractListPage:rfp_contract_list_page.py:105 [OK] 已进入 /home 页面
INFO     RFPContractListPage:rfp_contract_list_page.py:109 开始通过菜单进入签约页面
INFO     RFPContractListPage:rfp_contract_list_page.py:120 '签约'子菜单已可见，直接点击
INFO     RFPContractListPage:rfp_contract_list_page.py:123 [OK] 已进入签约页面
INFO     RFPContractListPage:rfp_contract_list_page.py:301 按签约项目名称筛选: 自动化测试项目-固定未启动列
INFO     RFPContractListPage:rfp_contract_list_page.py:309 签约项目名称筛选完成: 自动化测试项目-固定未启动列
INFO     RFPContractListPage:rfp_contract_list_page.py:465 验证列表中存在项目: 自动化测试项目-固定未启动列
WARNING  RFPContractListPage:rfp_contract_list_page.py:472 列表中未找到项目: 自动化测试项目-固定未启动列
---------------------------- Captured log teardown ----------------------------
INFO     tests.operate.rfp_management.conftest:conftest.py:136 Test completed - page state will be reset for next test
----------------------------- Captured log setup ------------------------------
INFO     tests.operate.rfp_management.conftest:conftest.py:121 Resetting page to /home - ensuring consistent test state
INFO     tests.operate.rfp_management.conftest:conftest.py:128 Navigating to home page: https://testenv.fangcang.com/RFP/operate.html#/home
INFO     tests.operate.rfp_management.conftest:conftest.py:130 Page reset to /home - ready for test execution
------------------------------ Captured log call ------------------------------
INFO     tests.operate.rfp_management.test_rfp_contract_list:test_rfp_contract_list.py:619 Starting SIGN-LIST-020 作废取消测试, 项目=自动化测试项目-固定未启动列
INFO     RFPContractListPage:rfp_contract_list_page.py:97 开始进入 /home 页面
INFO     RFPContractListPage:base_page.py:24 Navigating to https://testenv.fangcang.com/RFP/operate.html#/home
INFO     RFPContractListPage:rfp_contract_list_page.py:105 [OK] 已进入 /home 页面
INFO     RFPContractListPage:rfp_contract_list_page.py:109 开始通过菜单进入签约页面
INFO     RFPContractListPage:rfp_contract_list_page.py:120 '签约'子菜单已可见，直接点击
INFO     RFPContractListPage:rfp_contract_list_page.py:123 [OK] 已进入签约页面
INFO     RFPContractListPage:rfp_contract_list_page.py:301 按签约项目名称筛选: 自动化测试项目-固定未启动列
INFO     RFPContractListPage:rfp_contract_list_page.py:309 签约项目名称筛选完成: 自动化测试项目-固定未启动列
INFO     RFPContractListPage:rfp_contract_list_page.py:465 验证列表中存在项目: 自动化测试项目-固定未启动列
WARNING  RFPContractListPage:rfp_contract_list_page.py:472 列表中未找到项目: 自动化测试项目-固定未启动列
---------------------------- Captured log teardown ----------------------------
INFO     tests.operate.rfp_management.conftest:conftest.py:136 Test completed - page state will be reset for next test
----------------------------- Captured log setup ------------------------------
INFO     tests.operate.rfp_management.conftest:conftest.py:121 Resetting page to /home - ensuring consistent test state
INFO     tests.operate.rfp_management.conftest:conftest.py:128 Navigating to home page: https://testenv.fangcang.com/RFP/operate.html#/home
INFO     tests.operate.rfp_management.conftest:conftest.py:130 Page reset to /home - ready for test execution
------------------------------ Captured log call ------------------------------
INFO     tests.operate.rfp_management.test_rfp_contract_list:test_rfp_contract_list.py:619 Starting SIGN-LIST-020 作废取消测试, 项目=自动化测试项目-固定未启动列
INFO     RFPContractListPage:rfp_contract_list_page.py:97 开始进入 /home 页面
INFO     RFPContractListPage:base_page.py:24 Navigating to https://testenv.fangcang.com/RFP/operate.html#/home
INFO     RFPContractListPage:rfp_contract_list_page.py:105 [OK] 已进入 /home 页面
INFO     RFPContractListPage:rfp_contract_list_page.py:109 开始通过菜单进入签约页面
INFO     RFPContractListPage:rfp_contract_list_page.py:120 '签约'子菜单已可见，直接点击
INFO     RFPContractListPage:rfp_contract_list_page.py:123 [OK] 已进入签约页面
INFO     RFPContractListPage:rfp_contract_list_page.py:301 按签约项目名称筛选: 自动化测试项目-固定未启动列
INFO     RFPContractListPage:rfp_contract_list_page.py:309 签约项目名称筛选完成: 自动化测试项目-固定未启动列
INFO     RFPContractListPage:rfp_contract_list_page.py:465 验证列表中存在项目: 自动化测试项目-固定未启动列
WARNING  RFPContractListPage:rfp_contract_list_page.py:472 列表中未找到项目: 自动化测试项目-固定未启动列
---------------------------- Captured log teardown ----------------------------
INFO     tests.operate.rfp_management.conftest:conftest.py:136 Test completed - page state will be reset for next test
---------------------------- Captured log teardown ----------------------------
INFO     tests.operate.rfp_management.conftest:conftest.py:136 Test completed - page state will be reset for next test
---------------------------- Captured log teardown ----------------------------
INFO     tests.operate.rfp_management.conftest:conftest.py:136 Test completed - page state will be reset for next test
---------------------------- Captured log teardown ----------------------------
INFO     tests.operate.rfp_management.conftest:conftest.py:136 Test completed - page state will be reset for next test
INFO     tests.operate.rfp_management.conftest:conftest.py:102 Operate user fixture cleanup - page ready for next test
INFO     tests.operate.rfp_management.conftest:conftest.py:46 Closing module-level page and context
_ TestRFPDetailPagePriceStatus.test_priceDetail_price_status_change[detail_price_010] _
[gw1] win32 -- Python 3.12.0 D:\work_dev\RFP-NEW\rfp-ui-test\.venv\Scripts\python.exe
tests\operate\rfp_management\test_rfp_detailPage_project.py:434: in test_priceDetail_price_status_change
    await detail_page.click_action_confirm()
pages\operate\rfp_management\rfp_detailPage_project.py:433: in click_action_confirm
    await confirm_btn.wait_for(timeout=timeout_config.get_element_timeout())
.venv\Lib\site-packages\playwright\async_api\_generated.py:18191: in wait_for
    await self._impl_obj.wait_for(timeout=timeout, state=state)
.venv\Lib\site-packages\playwright\_impl\_locator.py:670: in wait_for
    await self._frame.wait_for_selector(
.venv\Lib\site-packages\playwright\_impl\_frame.py:317: in wait_for_selector
    await self._channel.send("waitForSelector", locals_to_params(locals()))
.venv\Lib\site-packages\playwright\_impl\_connection.py:62: in send
    return await self._connection.wrap_api_call(
.venv\Lib\site-packages\playwright\_impl\_connection.py:492: in wrap_api_call
    return await cb()
.venv\Lib\site-packages\playwright\_impl\_connection.py:100: in inner_send
    result = next(iter(done)).result()
E   playwright._impl._errors.TimeoutError: Timeout 5000ms exceeded.
----------------------------- Captured log setup ------------------------------
INFO     tests.operate.rfp_management.conftest:conftest.py:121 Resetting page to /home - ensuring consistent test state
INFO     tests.operate.rfp_management.conftest:conftest.py:128 Navigating to home page: https://testenv.fangcang.com/RFP/operate.html#/home
INFO     tests.operate.rfp_management.conftest:conftest.py:130 Page reset to /home - ready for test execution
------------------------------ Captured log call ------------------------------
INFO     tests.operate.rfp_management.test_rfp_detailPage_project:test_rfp_detailPage_project.py:368 Starting detail page price status change test, case: detail_price_010, project: 自动化测试项目-页面详情页价格变换, 保持原价 → 已中签
INFO     RFPContractMapPage:rfp_contract_map_page.py:72 开始进入 /home 页面
INFO     RFPContractMapPage:base_page.py:24 Navigating to https://testenv.fangcang.com/RFP/operate.html#/home
INFO     RFPContractMapPage:rfp_contract_map_page.py:83 [OK] 已进入 /home 页面
INFO     RFPContractMapPage:rfp_contract_map_page.py:92 开始进入签约页面
INFO     RFPContractMapPage:rfp_contract_map_page.py:117 [OK] 已进入签约页面
INFO     RFPContractMapPage:rfp_contract_map_page.py:126 开始点击已启动 Tab
INFO     RFPContractMapPage:rfp_contract_map_page.py:138 [OK] 已点击已启动 Tab
INFO     RFPContractMapPage:rfp_contract_map_page.py:147 开始搜索项目: 自动化测试项目-页面详情页价格变换
INFO     RFPContractMapPage:rfp_contract_map_page.py:172 [OK] 项目搜索完成: 自动化测试项目-页面详情页价格变换
INFO     RFPContractMapPage:rfp_contract_map_page.py:181 开始点击首个去签约按钮
INFO     RFPContractMapPage:rfp_contract_map_page.py:193 [OK] 已点击去签约按钮
INFO     utils.excel_utils:excel_utils.py:59 签约状态导入文件已生成: D:\work_dev\RFP-NEW\rfp-ui-test\data\temp\RFP_detail_import_detail_price_010.xlsx
INFO     RFPContractMapPage:rfp_contract_map_page.py:206 切换至列表签约
INFO     RFPContractMapPage:rfp_contract_map_page.py:216 [OK] 已切换至列表签约
INFO     RFPContractMapPage:rfp_contract_map_page.py:248 导入签约状态文件: D:\work_dev\RFP-NEW\rfp-ui-test\data\temp\RFP_detail_import_detail_price_010.xlsx
INFO     RFPContractMapPage:rfp_contract_map_page.py:255 [OK] 签约状态文件已导入
INFO     RFPContractMapPage:rfp_contract_map_page.py:225 切换至地图签约
INFO     RFPContractMapPage:rfp_contract_map_page.py:235 [OK] 已切换至地图签约
INFO     RFPContractMapPage:rfp_contract_map_page.py:268 点击价格状态页签: 保持原价
INFO     RFPContractMapPage:rfp_contract_map_page.py:280 [OK] 已点击价格状态页签: 保持原价
INFO     RFPContractMapPage:rfp_contract_map_page.py:293 点击首个酒店
INFO     RFPContractMapPage:rfp_contract_map_page.py:303 [OK] 已点击首个酒店
INFO     RFPContractMapPage:rfp_contract_map_page.py:436 开始点击查看报价详情按钮
INFO     RFPContractMapPage:rfp_contract_map_page.py:453 [OK] 报价详情页已打开
INFO     RFPDetailPageProject:rfp_detailPage_project.py:375 点击操作按钮: 确认中签
INFO     RFPDetailPageProject:rfp_detailPage_project.py:383 [OK] 已点击操作按钮: 确认中签
INFO     RFPDetailPageProject:rfp_detailPage_project.py:408 输入留言: 修改价格状态：保持原价→已中签
INFO     RFPDetailPageProject:rfp_detailPage_project.py:417 [OK] 留言已输入
INFO     RFPDetailPageProject:rfp_detailPage_project.py:426 点击确定按钮
ERROR    RFPDetailPageProject:rfp_detailPage_project.py:439 点击确定按钮失败: Timeout 5000ms exceeded.
---------------------------- Captured log teardown ----------------------------
INFO     tests.operate.rfp_management.conftest:conftest.py:136 Test completed - page state will be reset for next test
----------------------------- Captured log setup ------------------------------
INFO     tests.operate.rfp_management.conftest:conftest.py:121 Resetting page to /home - ensuring consistent test state
INFO     tests.operate.rfp_management.conftest:conftest.py:128 Navigating to home page: https://testenv.fangcang.com/RFP/operate.html#/home
INFO     tests.operate.rfp_management.conftest:conftest.py:130 Page reset to /home - ready for test execution
------------------------------ Captured log call ------------------------------
INFO     tests.operate.rfp_management.test_rfp_detailPage_project:test_rfp_detailPage_project.py:368 Starting detail page price status change test, case: detail_price_010, project: 自动化测试项目-页面详情页价格变换, 保持原价 → 已中签
INFO     RFPContractMapPage:rfp_contract_map_page.py:72 开始进入 /home 页面
INFO     RFPContractMapPage:base_page.py:24 Navigating to https://testenv.fangcang.com/RFP/operate.html#/home
INFO     RFPContractMapPage:rfp_contract_map_page.py:83 [OK] 已进入 /home 页面
INFO     RFPContractMapPage:rfp_contract_map_page.py:92 开始进入签约页面
INFO     RFPContractMapPage:rfp_contract_map_page.py:117 [OK] 已进入签约页面
INFO     RFPContractMapPage:rfp_contract_map_page.py:126 开始点击已启动 Tab
INFO     RFPContractMapPage:rfp_contract_map_page.py:138 [OK] 已点击已启动 Tab
INFO     RFPContractMapPage:rfp_contract_map_page.py:147 开始搜索项目: 自动化测试项目-页面详情页价格变换
INFO     RFPContractMapPage:rfp_contract_map_page.py:172 [OK] 项目搜索完成: 自动化测试项目-页面详情页价格变换
INFO     RFPContractMapPage:rfp_contract_map_page.py:181 开始点击首个去签约按钮
INFO     RFPContractMapPage:rfp_contract_map_page.py:193 [OK] 已点击去签约按钮
INFO     utils.excel_utils:excel_utils.py:59 签约状态导入文件已生成: D:\work_dev\RFP-NEW\rfp-ui-test\data\temp\RFP_detail_import_detail_price_010.xlsx
INFO     RFPContractMapPage:rfp_contract_map_page.py:206 切换至列表签约
INFO     RFPContractMapPage:rfp_contract_map_page.py:216 [OK] 已切换至列表签约
INFO     RFPContractMapPage:rfp_contract_map_page.py:248 导入签约状态文件: D:\work_dev\RFP-NEW\rfp-ui-test\data\temp\RFP_detail_import_detail_price_010.xlsx
INFO     RFPContractMapPage:rfp_contract_map_page.py:255 [OK] 签约状态文件已导入
INFO     RFPContractMapPage:rfp_contract_map_page.py:225 切换至地图签约
INFO     RFPContractMapPage:rfp_contract_map_page.py:235 [OK] 已切换至地图签约
INFO     RFPContractMapPage:rfp_contract_map_page.py:268 点击价格状态页签: 保持原价
INFO     RFPContractMapPage:rfp_contract_map_page.py:280 [OK] 已点击价格状态页签: 保持原价
INFO     RFPContractMapPage:rfp_contract_map_page.py:293 点击首个酒店
INFO     RFPContractMapPage:rfp_contract_map_page.py:303 [OK] 已点击首个酒店
INFO     RFPContractMapPage:rfp_contract_map_page.py:436 开始点击查看报价详情按钮
INFO     RFPContractMapPage:rfp_contract_map_page.py:453 [OK] 报价详情页已打开
INFO     RFPDetailPageProject:rfp_detailPage_project.py:375 点击操作按钮: 确认中签
INFO     RFPDetailPageProject:rfp_detailPage_project.py:383 [OK] 已点击操作按钮: 确认中签
INFO     RFPDetailPageProject:rfp_detailPage_project.py:408 输入留言: 修改价格状态：保持原价→已中签
INFO     RFPDetailPageProject:rfp_detailPage_project.py:417 [OK] 留言已输入
INFO     RFPDetailPageProject:rfp_detailPage_project.py:426 点击确定按钮
ERROR    RFPDetailPageProject:rfp_detailPage_project.py:439 点击确定按钮失败: Timeout 5000ms exceeded.
---------------------------- Captured log teardown ----------------------------
INFO     tests.operate.rfp_management.conftest:conftest.py:136 Test completed - page state will be reset for next test
----------------------------- Captured log setup ------------------------------
INFO     tests.operate.rfp_management.conftest:conftest.py:121 Resetting page to /home - ensuring consistent test state
INFO     tests.operate.rfp_management.conftest:conftest.py:128 Navigating to home page: https://testenv.fangcang.com/RFP/operate.html#/home
INFO     tests.operate.rfp_management.conftest:conftest.py:130 Page reset to /home - ready for test execution
------------------------------ Captured log call ------------------------------
INFO     tests.operate.rfp_management.test_rfp_detailPage_project:test_rfp_detailPage_project.py:368 Starting detail page price status change test, case: detail_price_010, project: 自动化测试项目-页面详情页价格变换, 保持原价 → 已中签
INFO     RFPContractMapPage:rfp_contract_map_page.py:72 开始进入 /home 页面
INFO     RFPContractMapPage:base_page.py:24 Navigating to https://testenv.fangcang.com/RFP/operate.html#/home
INFO     RFPContractMapPage:rfp_contract_map_page.py:83 [OK] 已进入 /home 页面
INFO     RFPContractMapPage:rfp_contract_map_page.py:92 开始进入签约页面
INFO     RFPContractMapPage:rfp_contract_map_page.py:117 [OK] 已进入签约页面
INFO     RFPContractMapPage:rfp_contract_map_page.py:126 开始点击已启动 Tab
INFO     RFPContractMapPage:rfp_contract_map_page.py:138 [OK] 已点击已启动 Tab
INFO     RFPContractMapPage:rfp_contract_map_page.py:147 开始搜索项目: 自动化测试项目-页面详情页价格变换
INFO     RFPContractMapPage:rfp_contract_map_page.py:172 [OK] 项目搜索完成: 自动化测试项目-页面详情页价格变换
INFO     RFPContractMapPage:rfp_contract_map_page.py:181 开始点击首个去签约按钮
INFO     RFPContractMapPage:rfp_contract_map_page.py:193 [OK] 已点击去签约按钮
INFO     utils.excel_utils:excel_utils.py:59 签约状态导入文件已生成: D:\work_dev\RFP-NEW\rfp-ui-test\data\temp\RFP_detail_import_detail_price_010.xlsx
INFO     RFPContractMapPage:rfp_contract_map_page.py:206 切换至列表签约
INFO     RFPContractMapPage:rfp_contract_map_page.py:216 [OK] 已切换至列表签约
INFO     RFPContractMapPage:rfp_contract_map_page.py:248 导入签约状态文件: D:\work_dev\RFP-NEW\rfp-ui-test\data\temp\RFP_detail_import_detail_price_010.xlsx
INFO     RFPContractMapPage:rfp_contract_map_page.py:255 [OK] 签约状态文件已导入
INFO     RFPContractMapPage:rfp_contract_map_page.py:225 切换至地图签约
INFO     RFPContractMapPage:rfp_contract_map_page.py:235 [OK] 已切换至地图签约
INFO     RFPContractMapPage:rfp_contract_map_page.py:268 点击价格状态页签: 保持原价
INFO     RFPContractMapPage:rfp_contract_map_page.py:280 [OK] 已点击价格状态页签: 保持原价
INFO     RFPContractMapPage:rfp_contract_map_page.py:293 点击首个酒店
INFO     RFPContractMapPage:rfp_contract_map_page.py:303 [OK] 已点击首个酒店
INFO     RFPContractMapPage:rfp_contract_map_page.py:436 开始点击查看报价详情按钮
INFO     RFPContractMapPage:rfp_contract_map_page.py:453 [OK] 报价详情页已打开
INFO     RFPDetailPageProject:rfp_detailPage_project.py:375 点击操作按钮: 确认中签
INFO     RFPDetailPageProject:rfp_detailPage_project.py:383 [OK] 已点击操作按钮: 确认中签
INFO     RFPDetailPageProject:rfp_detailPage_project.py:408 输入留言: 修改价格状态：保持原价→已中签
INFO     RFPDetailPageProject:rfp_detailPage_project.py:417 [OK] 留言已输入
INFO     RFPDetailPageProject:rfp_detailPage_project.py:426 点击确定按钮
ERROR    RFPDetailPageProject:rfp_detailPage_project.py:439 点击确定按钮失败: Timeout 5000ms exceeded.
---------------------------- Captured log teardown ----------------------------
INFO     tests.operate.rfp_management.conftest:conftest.py:136 Test completed - page state will be reset for next test
----------------------------- Captured log setup ------------------------------
INFO     tests.operate.rfp_management.conftest:conftest.py:121 Resetting page to /home - ensuring consistent test state
INFO     tests.operate.rfp_management.conftest:conftest.py:128 Navigating to home page: https://testenv.fangcang.com/RFP/operate.html#/home
INFO     tests.operate.rfp_management.conftest:conftest.py:130 Page reset to /home - ready for test execution
------------------------------ Captured log call ------------------------------
INFO     tests.operate.rfp_management.test_rfp_detailPage_project:test_rfp_detailPage_project.py:368 Starting detail page price status change test, case: detail_price_010, project: 自动化测试项目-页面详情页价格变换, 保持原价 → 已中签
INFO     RFPContractMapPage:rfp_contract_map_page.py:72 开始进入 /home 页面
INFO     RFPContractMapPage:base_page.py:24 Navigating to https://testenv.fangcang.com/RFP/operate.html#/home
INFO     RFPContractMapPage:rfp_contract_map_page.py:83 [OK] 已进入 /home 页面
INFO     RFPContractMapPage:rfp_contract_map_page.py:92 开始进入签约页面
INFO     RFPContractMapPage:rfp_contract_map_page.py:117 [OK] 已进入签约页面
INFO     RFPContractMapPage:rfp_contract_map_page.py:126 开始点击已启动 Tab
INFO     RFPContractMapPage:rfp_contract_map_page.py:138 [OK] 已点击已启动 Tab
INFO     RFPContractMapPage:rfp_contract_map_page.py:147 开始搜索项目: 自动化测试项目-页面详情页价格变换
INFO     RFPContractMapPage:rfp_contract_map_page.py:172 [OK] 项目搜索完成: 自动化测试项目-页面详情页价格变换
INFO     RFPContractMapPage:rfp_contract_map_page.py:181 开始点击首个去签约按钮
INFO     RFPContractMapPage:rfp_contract_map_page.py:193 [OK] 已点击去签约按钮
INFO     utils.excel_utils:excel_utils.py:59 签约状态导入文件已生成: D:\work_dev\RFP-NEW\rfp-ui-test\data\temp\RFP_detail_import_detail_price_010.xlsx
INFO     RFPContractMapPage:rfp_contract_map_page.py:206 切换至列表签约
INFO     RFPContractMapPage:rfp_contract_map_page.py:216 [OK] 已切换至列表签约
INFO     RFPContractMapPage:rfp_contract_map_page.py:248 导入签约状态文件: D:\work_dev\RFP-NEW\rfp-ui-test\data\temp\RFP_detail_import_detail_price_010.xlsx
INFO     RFPContractMapPage:rfp_contract_map_page.py:255 [OK] 签约状态文件已导入
INFO     RFPContractMapPage:rfp_contract_map_page.py:225 切换至地图签约
INFO     RFPContractMapPage:rfp_contract_map_page.py:235 [OK] 已切换至地图签约
INFO     RFPContractMapPage:rfp_contract_map_page.py:268 点击价格状态页签: 保持原价
INFO     RFPContractMapPage:rfp_contract_map_page.py:280 [OK] 已点击价格状态页签: 保持原价
INFO     RFPContractMapPage:rfp_contract_map_page.py:293 点击首个酒店
INFO     RFPContractMapPage:rfp_contract_map_page.py:303 [OK] 已点击首个酒店
INFO     RFPContractMapPage:rfp_contract_map_page.py:436 开始点击查看报价详情按钮
INFO     RFPContractMapPage:rfp_contract_map_page.py:453 [OK] 报价详情页已打开
INFO     RFPDetailPageProject:rfp_detailPage_project.py:375 点击操作按钮: 确认中签
INFO     RFPDetailPageProject:rfp_detailPage_project.py:383 [OK] 已点击操作按钮: 确认中签
INFO     RFPDetailPageProject:rfp_detailPage_project.py:408 输入留言: 修改价格状态：保持原价→已中签
INFO     RFPDetailPageProject:rfp_detailPage_project.py:417 [OK] 留言已输入
INFO     RFPDetailPageProject:rfp_detailPage_project.py:426 点击确定按钮
ERROR    RFPDetailPageProject:rfp_detailPage_project.py:439 点击确定按钮失败: Timeout 5000ms exceeded.
---------------------------- Captured log teardown ----------------------------
INFO     tests.operate.rfp_management.conftest:conftest.py:136 Test completed - page state will be reset for next test
---------------------------- Captured log teardown ----------------------------
INFO     tests.operate.rfp_management.conftest:conftest.py:136 Test completed - page state will be reset for next test
---------------------------- Captured log teardown ----------------------------
INFO     tests.operate.rfp_management.conftest:conftest.py:136 Test completed - page state will be reset for next test
---------------------------- Captured log teardown ----------------------------
INFO     tests.operate.rfp_management.conftest:conftest.py:136 Test completed - page state will be reset for next test
_ TestRFPContractPriceStatus.test_RFP_contract_price_status_change[price_007] _
[gw0] win32 -- Python 3.12.0 D:\work_dev\RFP-NEW\rfp-ui-test\.venv\Scripts\python.exe
tests\operate\rfp_management\test_rfp_contract_price_status.py:212: in test_RFP_contract_price_status_change
    await map_page.click_action_by_type(action)
pages\operate\rfp_management\rfp_contract_map_page.py:402: in click_action_by_type
    await handler()
pages\operate\rfp_management\rfp_contract_map_page.py:357: in click_hotel_signed
    await btn.wait_for(timeout=timeout_config.get_element_timeout())
.venv\Lib\site-packages\playwright\async_api\_generated.py:18191: in wait_for
    await self._impl_obj.wait_for(timeout=timeout, state=state)
.venv\Lib\site-packages\playwright\_impl\_locator.py:670: in wait_for
    await self._frame.wait_for_selector(
.venv\Lib\site-packages\playwright\_impl\_frame.py:317: in wait_for_selector
    await self._channel.send("waitForSelector", locals_to_params(locals()))
.venv\Lib\site-packages\playwright\_impl\_connection.py:62: in send
    return await self._connection.wrap_api_call(
.venv\Lib\site-packages\playwright\_impl\_connection.py:492: in wrap_api_call
    return await cb()
.venv\Lib\site-packages\playwright\_impl\_connection.py:100: in inner_send
    result = next(iter(done)).result()
E   playwright._impl._errors.TimeoutError: Timeout 5000ms exceeded.
----------------------------- Captured log setup ------------------------------
INFO     tests.operate.rfp_management.conftest:conftest.py:121 Resetting page to /home - ensuring consistent test state
INFO     tests.operate.rfp_management.conftest:conftest.py:128 Navigating to home page: https://testenv.fangcang.com/RFP/operate.html#/home
INFO     tests.operate.rfp_management.conftest:conftest.py:130 Page reset to /home - ready for test execution
------------------------------ Captured log call ------------------------------
INFO     tests.operate.rfp_management.test_rfp_contract_price_status:test_rfp_contract_price_status.py:159 Starting price status change test, case: price_007, project: 自动化测试项目-价格变换, 修订报价 → 已中签
INFO     RFPContractMapPage:rfp_contract_map_page.py:72 开始进入 /home 页面
INFO     RFPContractMapPage:base_page.py:24 Navigating to https://testenv.fangcang.com/RFP/operate.html#/home
INFO     RFPContractMapPage:rfp_contract_map_page.py:83 [OK] 已进入 /home 页面
INFO     RFPContractMapPage:rfp_contract_map_page.py:92 开始进入签约页面
INFO     RFPContractMapPage:rfp_contract_map_page.py:117 [OK] 已进入签约页面
INFO     RFPContractMapPage:rfp_contract_map_page.py:126 开始点击已启动 Tab
INFO     RFPContractMapPage:rfp_contract_map_page.py:138 [OK] 已点击已启动 Tab
INFO     RFPContractMapPage:rfp_contract_map_page.py:147 开始搜索项目: 自动化测试项目-价格变换
INFO     RFPContractMapPage:rfp_contract_map_page.py:172 [OK] 项目搜索完成: 自动化测试项目-价格变换
INFO     RFPContractMapPage:rfp_contract_map_page.py:181 开始点击首个去签约按钮
INFO     RFPContractMapPage:rfp_contract_map_page.py:193 [OK] 已点击去签约按钮
INFO     utils.excel_utils:excel_utils.py:59 签约状态导入文件已生成: D:\work_dev\RFP-NEW\rfp-ui-test\data\temp\RFP_import_signing_status_price_007.xlsx
INFO     RFPContractMapPage:rfp_contract_map_page.py:206 切换至列表签约
INFO     RFPContractMapPage:rfp_contract_map_page.py:216 [OK] 已切换至列表签约
INFO     RFPContractMapPage:rfp_contract_map_page.py:248 导入签约状态文件: D:\work_dev\RFP-NEW\rfp-ui-test\data\temp\RFP_import_signing_status_price_007.xlsx
INFO     RFPContractMapPage:rfp_contract_map_page.py:255 [OK] 签约状态文件已导入
INFO     RFPContractMapPage:rfp_contract_map_page.py:225 切换至地图签约
INFO     RFPContractMapPage:rfp_contract_map_page.py:235 [OK] 已切换至地图签约
INFO     RFPContractMapPage:rfp_contract_map_page.py:268 点击价格状态页签: 修订报价
INFO     RFPContractMapPage:rfp_contract_map_page.py:280 [OK] 已点击价格状态页签: 修订报价
INFO     RFPContractMapPage:rfp_contract_map_page.py:293 点击首个酒店
INFO     RFPContractMapPage:rfp_contract_map_page.py:303 [OK] 已点击首个酒店
INFO     RFPContractMapPage:rfp_contract_map_page.py:349 点击中签按钮
ERROR    RFPContractMapPage:rfp_contract_map_page.py:363 点击中签按钮失败: Timeout 5000ms exceeded.
---------------------------- Captured log teardown ----------------------------
INFO     tests.operate.rfp_management.conftest:conftest.py:136 Test completed - page state will be reset for next test
----------------------------- Captured log setup ------------------------------
INFO     tests.operate.rfp_management.conftest:conftest.py:121 Resetting page to /home - ensuring consistent test state
INFO     tests.operate.rfp_management.conftest:conftest.py:128 Navigating to home page: https://testenv.fangcang.com/RFP/operate.html#/home
INFO     tests.operate.rfp_management.conftest:conftest.py:130 Page reset to /home - ready for test execution
------------------------------ Captured log call ------------------------------
INFO     tests.operate.rfp_management.test_rfp_contract_price_status:test_rfp_contract_price_status.py:159 Starting price status change test, case: price_007, project: 自动化测试项目-价格变换, 修订报价 → 已中签
INFO     RFPContractMapPage:rfp_contract_map_page.py:72 开始进入 /home 页面
INFO     RFPContractMapPage:base_page.py:24 Navigating to https://testenv.fangcang.com/RFP/operate.html#/home
INFO     RFPContractMapPage:rfp_contract_map_page.py:83 [OK] 已进入 /home 页面
INFO     RFPContractMapPage:rfp_contract_map_page.py:92 开始进入签约页面
INFO     RFPContractMapPage:rfp_contract_map_page.py:117 [OK] 已进入签约页面
INFO     RFPContractMapPage:rfp_contract_map_page.py:126 开始点击已启动 Tab
INFO     RFPContractMapPage:rfp_contract_map_page.py:138 [OK] 已点击已启动 Tab
INFO     RFPContractMapPage:rfp_contract_map_page.py:147 开始搜索项目: 自动化测试项目-价格变换
INFO     RFPContractMapPage:rfp_contract_map_page.py:172 [OK] 项目搜索完成: 自动化测试项目-价格变换
INFO     RFPContractMapPage:rfp_contract_map_page.py:181 开始点击首个去签约按钮
INFO     RFPContractMapPage:rfp_contract_map_page.py:193 [OK] 已点击去签约按钮
INFO     utils.excel_utils:excel_utils.py:59 签约状态导入文件已生成: D:\work_dev\RFP-NEW\rfp-ui-test\data\temp\RFP_import_signing_status_price_007.xlsx
INFO     RFPContractMapPage:rfp_contract_map_page.py:206 切换至列表签约
INFO     RFPContractMapPage:rfp_contract_map_page.py:216 [OK] 已切换至列表签约
INFO     RFPContractMapPage:rfp_contract_map_page.py:248 导入签约状态文件: D:\work_dev\RFP-NEW\rfp-ui-test\data\temp\RFP_import_signing_status_price_007.xlsx
INFO     RFPContractMapPage:rfp_contract_map_page.py:255 [OK] 签约状态文件已导入
INFO     RFPContractMapPage:rfp_contract_map_page.py:225 切换至地图签约
INFO     RFPContractMapPage:rfp_contract_map_page.py:235 [OK] 已切换至地图签约
INFO     RFPContractMapPage:rfp_contract_map_page.py:268 点击价格状态页签: 修订报价
INFO     RFPContractMapPage:rfp_contract_map_page.py:280 [OK] 已点击价格状态页签: 修订报价
INFO     RFPContractMapPage:rfp_contract_map_page.py:293 点击首个酒店
INFO     RFPContractMapPage:rfp_contract_map_page.py:303 [OK] 已点击首个酒店
INFO     RFPContractMapPage:rfp_contract_map_page.py:349 点击中签按钮
ERROR    RFPContractMapPage:rfp_contract_map_page.py:363 点击中签按钮失败: Timeout 5000ms exceeded.
---------------------------- Captured log teardown ----------------------------
INFO     tests.operate.rfp_management.conftest:conftest.py:136 Test completed - page state will be reset for next test
----------------------------- Captured log setup ------------------------------
INFO     tests.operate.rfp_management.conftest:conftest.py:121 Resetting page to /home - ensuring consistent test state
INFO     tests.operate.rfp_management.conftest:conftest.py:128 Navigating to home page: https://testenv.fangcang.com/RFP/operate.html#/home
INFO     tests.operate.rfp_management.conftest:conftest.py:130 Page reset to /home - ready for test execution
------------------------------ Captured log call ------------------------------
INFO     tests.operate.rfp_management.test_rfp_contract_price_status:test_rfp_contract_price_status.py:159 Starting price status change test, case: price_007, project: 自动化测试项目-价格变换, 修订报价 → 已中签
INFO     RFPContractMapPage:rfp_contract_map_page.py:72 开始进入 /home 页面
INFO     RFPContractMapPage:base_page.py:24 Navigating to https://testenv.fangcang.com/RFP/operate.html#/home
INFO     RFPContractMapPage:rfp_contract_map_page.py:83 [OK] 已进入 /home 页面
INFO     RFPContractMapPage:rfp_contract_map_page.py:92 开始进入签约页面
INFO     RFPContractMapPage:rfp_contract_map_page.py:117 [OK] 已进入签约页面
INFO     RFPContractMapPage:rfp_contract_map_page.py:126 开始点击已启动 Tab
INFO     RFPContractMapPage:rfp_contract_map_page.py:138 [OK] 已点击已启动 Tab
INFO     RFPContractMapPage:rfp_contract_map_page.py:147 开始搜索项目: 自动化测试项目-价格变换
INFO     RFPContractMapPage:rfp_contract_map_page.py:172 [OK] 项目搜索完成: 自动化测试项目-价格变换
INFO     RFPContractMapPage:rfp_contract_map_page.py:181 开始点击首个去签约按钮
INFO     RFPContractMapPage:rfp_contract_map_page.py:193 [OK] 已点击去签约按钮
INFO     utils.excel_utils:excel_utils.py:59 签约状态导入文件已生成: D:\work_dev\RFP-NEW\rfp-ui-test\data\temp\RFP_import_signing_status_price_007.xlsx
INFO     RFPContractMapPage:rfp_contract_map_page.py:206 切换至列表签约
INFO     RFPContractMapPage:rfp_contract_map_page.py:216 [OK] 已切换至列表签约
INFO     RFPContractMapPage:rfp_contract_map_page.py:248 导入签约状态文件: D:\work_dev\RFP-NEW\rfp-ui-test\data\temp\RFP_import_signing_status_price_007.xlsx
INFO     RFPContractMapPage:rfp_contract_map_page.py:255 [OK] 签约状态文件已导入
INFO     RFPContractMapPage:rfp_contract_map_page.py:225 切换至地图签约
INFO     RFPContractMapPage:rfp_contract_map_page.py:235 [OK] 已切换至地图签约
INFO     RFPContractMapPage:rfp_contract_map_page.py:268 点击价格状态页签: 修订报价
INFO     RFPContractMapPage:rfp_contract_map_page.py:280 [OK] 已点击价格状态页签: 修订报价
INFO     RFPContractMapPage:rfp_contract_map_page.py:293 点击首个酒店
INFO     RFPContractMapPage:rfp_contract_map_page.py:303 [OK] 已点击首个酒店
INFO     RFPContractMapPage:rfp_contract_map_page.py:349 点击中签按钮
ERROR    RFPContractMapPage:rfp_contract_map_page.py:363 点击中签按钮失败: Timeout 5000ms exceeded.
---------------------------- Captured log teardown ----------------------------
INFO     tests.operate.rfp_management.conftest:conftest.py:136 Test completed - page state will be reset for next test
----------------------------- Captured log setup ------------------------------
INFO     tests.operate.rfp_management.conftest:conftest.py:121 Resetting page to /home - ensuring consistent test state
INFO     tests.operate.rfp_management.conftest:conftest.py:128 Navigating to home page: https://testenv.fangcang.com/RFP/operate.html#/home
INFO     tests.operate.rfp_management.conftest:conftest.py:130 Page reset to /home - ready for test execution
------------------------------ Captured log call ------------------------------
INFO     tests.operate.rfp_management.test_rfp_contract_price_status:test_rfp_contract_price_status.py:159 Starting price status change test, case: price_007, project: 自动化测试项目-价格变换, 修订报价 → 已中签
INFO     RFPContractMapPage:rfp_contract_map_page.py:72 开始进入 /home 页面
INFO     RFPContractMapPage:base_page.py:24 Navigating to https://testenv.fangcang.com/RFP/operate.html#/home
INFO     RFPContractMapPage:rfp_contract_map_page.py:83 [OK] 已进入 /home 页面
INFO     RFPContractMapPage:rfp_contract_map_page.py:92 开始进入签约页面
INFO     RFPContractMapPage:rfp_contract_map_page.py:117 [OK] 已进入签约页面
INFO     RFPContractMapPage:rfp_contract_map_page.py:126 开始点击已启动 Tab
INFO     RFPContractMapPage:rfp_contract_map_page.py:138 [OK] 已点击已启动 Tab
INFO     RFPContractMapPage:rfp_contract_map_page.py:147 开始搜索项目: 自动化测试项目-价格变换
INFO     RFPContractMapPage:rfp_contract_map_page.py:172 [OK] 项目搜索完成: 自动化测试项目-价格变换
INFO     RFPContractMapPage:rfp_contract_map_page.py:181 开始点击首个去签约按钮
INFO     RFPContractMapPage:rfp_contract_map_page.py:193 [OK] 已点击去签约按钮
INFO     utils.excel_utils:excel_utils.py:59 签约状态导入文件已生成: D:\work_dev\RFP-NEW\rfp-ui-test\data\temp\RFP_import_signing_status_price_007.xlsx
INFO     RFPContractMapPage:rfp_contract_map_page.py:206 切换至列表签约
INFO     RFPContractMapPage:rfp_contract_map_page.py:216 [OK] 已切换至列表签约
INFO     RFPContractMapPage:rfp_contract_map_page.py:248 导入签约状态文件: D:\work_dev\RFP-NEW\rfp-ui-test\data\temp\RFP_import_signing_status_price_007.xlsx
INFO     RFPContractMapPage:rfp_contract_map_page.py:255 [OK] 签约状态文件已导入
INFO     RFPContractMapPage:rfp_contract_map_page.py:225 切换至地图签约
INFO     RFPContractMapPage:rfp_contract_map_page.py:235 [OK] 已切换至地图签约
INFO     RFPContractMapPage:rfp_contract_map_page.py:268 点击价格状态页签: 修订报价
INFO     RFPContractMapPage:rfp_contract_map_page.py:280 [OK] 已点击价格状态页签: 修订报价
INFO     RFPContractMapPage:rfp_contract_map_page.py:293 点击首个酒店
INFO     RFPContractMapPage:rfp_contract_map_page.py:303 [OK] 已点击首个酒店
INFO     RFPContractMapPage:rfp_contract_map_page.py:349 点击中签按钮
ERROR    RFPContractMapPage:rfp_contract_map_page.py:363 点击中签按钮失败: Timeout 5000ms exceeded.
---------------------------- Captured log teardown ----------------------------
INFO     tests.operate.rfp_management.conftest:conftest.py:136 Test completed - page state will be reset for next test
---------------------------- Captured log teardown ----------------------------
INFO     tests.operate.rfp_management.conftest:conftest.py:136 Test completed - page state will be reset for next test
---------------------------- Captured log teardown ----------------------------
INFO     tests.operate.rfp_management.conftest:conftest.py:136 Test completed - page state will be reset for next test
---------------------------- Captured log teardown ----------------------------
INFO     tests.operate.rfp_management.conftest:conftest.py:136 Test completed - page state will be reset for next test
_ TestRFPContractPriceStatus.test_RFP_contract_price_status_change[price_009] _
[gw0] win32 -- Python 3.12.0 D:\work_dev\RFP-NEW\rfp-ui-test\.venv\Scripts\python.exe
tests\operate\rfp_management\test_rfp_contract_price_status.py:212: in test_RFP_contract_price_status_change
    await map_page.click_action_by_type(action)
pages\operate\rfp_management\rfp_contract_map_page.py:402: in click_action_by_type
    await handler()
pages\operate\rfp_management\rfp_contract_map_page.py:337: in click_continue_negotiation
    await btn.wait_for(timeout=timeout_config.get_element_timeout())
.venv\Lib\site-packages\playwright\async_api\_generated.py:18191: in wait_for
    await self._impl_obj.wait_for(timeout=timeout, state=state)
.venv\Lib\site-packages\playwright\_impl\_locator.py:670: in wait_for
    await self._frame.wait_for_selector(
.venv\Lib\site-packages\playwright\_impl\_frame.py:317: in wait_for_selector
    await self._channel.send("waitForSelector", locals_to_params(locals()))
.venv\Lib\site-packages\playwright\_impl\_connection.py:62: in send
    return await self._connection.wrap_api_call(
.venv\Lib\site-packages\playwright\_impl\_connection.py:492: in wrap_api_call
    return await cb()
.venv\Lib\site-packages\playwright\_impl\_connection.py:100: in inner_send
    result = next(iter(done)).result()
E   playwright._impl._errors.TimeoutError: Timeout 5000ms exceeded.
----------------------------- Captured log setup ------------------------------
INFO     tests.operate.rfp_management.conftest:conftest.py:121 Resetting page to /home - ensuring consistent test state
INFO     tests.operate.rfp_management.conftest:conftest.py:128 Navigating to home page: https://testenv.fangcang.com/RFP/operate.html#/home
INFO     tests.operate.rfp_management.conftest:conftest.py:130 Page reset to /home - ready for test execution
------------------------------ Captured log call ------------------------------
INFO     tests.operate.rfp_management.test_rfp_contract_price_status:test_rfp_contract_price_status.py:159 Starting price status change test, case: price_009, project: 自动化测试项目-价格变换, 保持原价 → 议价中
INFO     RFPContractMapPage:rfp_contract_map_page.py:72 开始进入 /home 页面
INFO     RFPContractMapPage:base_page.py:24 Navigating to https://testenv.fangcang.com/RFP/operate.html#/home
INFO     RFPContractMapPage:rfp_contract_map_page.py:83 [OK] 已进入 /home 页面
INFO     RFPContractMapPage:rfp_contract_map_page.py:92 开始进入签约页面
INFO     RFPContractMapPage:rfp_contract_map_page.py:117 [OK] 已进入签约页面
INFO     RFPContractMapPage:rfp_contract_map_page.py:126 开始点击已启动 Tab
INFO     RFPContractMapPage:rfp_contract_map_page.py:138 [OK] 已点击已启动 Tab
INFO     RFPContractMapPage:rfp_contract_map_page.py:147 开始搜索项目: 自动化测试项目-价格变换
INFO     RFPContractMapPage:rfp_contract_map_page.py:172 [OK] 项目搜索完成: 自动化测试项目-价格变换
INFO     RFPContractMapPage:rfp_contract_map_page.py:181 开始点击首个去签约按钮
INFO     RFPContractMapPage:rfp_contract_map_page.py:193 [OK] 已点击去签约按钮
INFO     utils.excel_utils:excel_utils.py:59 签约状态导入文件已生成: D:\work_dev\RFP-NEW\rfp-ui-test\data\temp\RFP_import_signing_status_price_009.xlsx
INFO     RFPContractMapPage:rfp_contract_map_page.py:206 切换至列表签约
INFO     RFPContractMapPage:rfp_contract_map_page.py:216 [OK] 已切换至列表签约
INFO     RFPContractMapPage:rfp_contract_map_page.py:248 导入签约状态文件: D:\work_dev\RFP-NEW\rfp-ui-test\data\temp\RFP_import_signing_status_price_009.xlsx
INFO     RFPContractMapPage:rfp_contract_map_page.py:255 [OK] 签约状态文件已导入
INFO     RFPContractMapPage:rfp_contract_map_page.py:225 切换至地图签约
INFO     RFPContractMapPage:rfp_contract_map_page.py:235 [OK] 已切换至地图签约
INFO     RFPContractMapPage:rfp_contract_map_page.py:268 点击价格状态页签: 保持原价
INFO     RFPContractMapPage:rfp_contract_map_page.py:280 [OK] 已点击价格状态页签: 保持原价
INFO     RFPContractMapPage:rfp_contract_map_page.py:293 点击首个酒店
INFO     RFPContractMapPage:rfp_contract_map_page.py:303 [OK] 已点击首个酒店
INFO     RFPContractMapPage:rfp_contract_map_page.py:329 点击继续议价按钮
ERROR    RFPContractMapPage:rfp_contract_map_page.py:343 点击继续议价按钮失败: Timeout 5000ms exceeded.
---------------------------- Captured log teardown ----------------------------
INFO     tests.operate.rfp_management.conftest:conftest.py:136 Test completed - page state will be reset for next test
----------------------------- Captured log setup ------------------------------
INFO     tests.operate.rfp_management.conftest:conftest.py:121 Resetting page to /home - ensuring consistent test state
INFO     tests.operate.rfp_management.conftest:conftest.py:128 Navigating to home page: https://testenv.fangcang.com/RFP/operate.html#/home
INFO     tests.operate.rfp_management.conftest:conftest.py:130 Page reset to /home - ready for test execution
------------------------------ Captured log call ------------------------------
INFO     tests.operate.rfp_management.test_rfp_contract_price_status:test_rfp_contract_price_status.py:159 Starting price status change test, case: price_009, project: 自动化测试项目-价格变换, 保持原价 → 议价中
INFO     RFPContractMapPage:rfp_contract_map_page.py:72 开始进入 /home 页面
INFO     RFPContractMapPage:base_page.py:24 Navigating to https://testenv.fangcang.com/RFP/operate.html#/home
INFO     RFPContractMapPage:rfp_contract_map_page.py:83 [OK] 已进入 /home 页面
INFO     RFPContractMapPage:rfp_contract_map_page.py:92 开始进入签约页面
INFO     RFPContractMapPage:rfp_contract_map_page.py:117 [OK] 已进入签约页面
INFO     RFPContractMapPage:rfp_contract_map_page.py:126 开始点击已启动 Tab
INFO     RFPContractMapPage:rfp_contract_map_page.py:138 [OK] 已点击已启动 Tab
INFO     RFPContractMapPage:rfp_contract_map_page.py:147 开始搜索项目: 自动化测试项目-价格变换
INFO     RFPContractMapPage:rfp_contract_map_page.py:172 [OK] 项目搜索完成: 自动化测试项目-价格变换
INFO     RFPContractMapPage:rfp_contract_map_page.py:181 开始点击首个去签约按钮
INFO     RFPContractMapPage:rfp_contract_map_page.py:193 [OK] 已点击去签约按钮
INFO     utils.excel_utils:excel_utils.py:59 签约状态导入文件已生成: D:\work_dev\RFP-NEW\rfp-ui-test\data\temp\RFP_import_signing_status_price_009.xlsx
INFO     RFPContractMapPage:rfp_contract_map_page.py:206 切换至列表签约
INFO     RFPContractMapPage:rfp_contract_map_page.py:216 [OK] 已切换至列表签约
INFO     RFPContractMapPage:rfp_contract_map_page.py:248 导入签约状态文件: D:\work_dev\RFP-NEW\rfp-ui-test\data\temp\RFP_import_signing_status_price_009.xlsx
INFO     RFPContractMapPage:rfp_contract_map_page.py:255 [OK] 签约状态文件已导入
INFO     RFPContractMapPage:rfp_contract_map_page.py:225 切换至地图签约
INFO     RFPContractMapPage:rfp_contract_map_page.py:235 [OK] 已切换至地图签约
INFO     RFPContractMapPage:rfp_contract_map_page.py:268 点击价格状态页签: 保持原价
INFO     RFPContractMapPage:rfp_contract_map_page.py:280 [OK] 已点击价格状态页签: 保持原价
INFO     RFPContractMapPage:rfp_contract_map_page.py:293 点击首个酒店
INFO     RFPContractMapPage:rfp_contract_map_page.py:303 [OK] 已点击首个酒店
INFO     RFPContractMapPage:rfp_contract_map_page.py:329 点击继续议价按钮
ERROR    RFPContractMapPage:rfp_contract_map_page.py:343 点击继续议价按钮失败: Timeout 5000ms exceeded.
---------------------------- Captured log teardown ----------------------------
INFO     tests.operate.rfp_management.conftest:conftest.py:136 Test completed - page state will be reset for next test
----------------------------- Captured log setup ------------------------------
INFO     tests.operate.rfp_management.conftest:conftest.py:121 Resetting page to /home - ensuring consistent test state
INFO     tests.operate.rfp_management.conftest:conftest.py:128 Navigating to home page: https://testenv.fangcang.com/RFP/operate.html#/home
INFO     tests.operate.rfp_management.conftest:conftest.py:130 Page reset to /home - ready for test execution
------------------------------ Captured log call ------------------------------
INFO     tests.operate.rfp_management.test_rfp_contract_price_status:test_rfp_contract_price_status.py:159 Starting price status change test, case: price_009, project: 自动化测试项目-价格变换, 保持原价 → 议价中
INFO     RFPContractMapPage:rfp_contract_map_page.py:72 开始进入 /home 页面
INFO     RFPContractMapPage:base_page.py:24 Navigating to https://testenv.fangcang.com/RFP/operate.html#/home
INFO     RFPContractMapPage:rfp_contract_map_page.py:83 [OK] 已进入 /home 页面
INFO     RFPContractMapPage:rfp_contract_map_page.py:92 开始进入签约页面
INFO     RFPContractMapPage:rfp_contract_map_page.py:117 [OK] 已进入签约页面
INFO     RFPContractMapPage:rfp_contract_map_page.py:126 开始点击已启动 Tab
INFO     RFPContractMapPage:rfp_contract_map_page.py:138 [OK] 已点击已启动 Tab
INFO     RFPContractMapPage:rfp_contract_map_page.py:147 开始搜索项目: 自动化测试项目-价格变换
INFO     RFPContractMapPage:rfp_contract_map_page.py:172 [OK] 项目搜索完成: 自动化测试项目-价格变换
INFO     RFPContractMapPage:rfp_contract_map_page.py:181 开始点击首个去签约按钮
INFO     RFPContractMapPage:rfp_contract_map_page.py:193 [OK] 已点击去签约按钮
INFO     utils.excel_utils:excel_utils.py:59 签约状态导入文件已生成: D:\work_dev\RFP-NEW\rfp-ui-test\data\temp\RFP_import_signing_status_price_009.xlsx
INFO     RFPContractMapPage:rfp_contract_map_page.py:206 切换至列表签约
INFO     RFPContractMapPage:rfp_contract_map_page.py:216 [OK] 已切换至列表签约
INFO     RFPContractMapPage:rfp_contract_map_page.py:248 导入签约状态文件: D:\work_dev\RFP-NEW\rfp-ui-test\data\temp\RFP_import_signing_status_price_009.xlsx
INFO     RFPContractMapPage:rfp_contract_map_page.py:255 [OK] 签约状态文件已导入
INFO     RFPContractMapPage:rfp_contract_map_page.py:225 切换至地图签约
INFO     RFPContractMapPage:rfp_contract_map_page.py:235 [OK] 已切换至地图签约
INFO     RFPContractMapPage:rfp_contract_map_page.py:268 点击价格状态页签: 保持原价
INFO     RFPContractMapPage:rfp_contract_map_page.py:280 [OK] 已点击价格状态页签: 保持原价
INFO     RFPContractMapPage:rfp_contract_map_page.py:293 点击首个酒店
INFO     RFPContractMapPage:rfp_contract_map_page.py:303 [OK] 已点击首个酒店
INFO     RFPContractMapPage:rfp_contract_map_page.py:329 点击继续议价按钮
ERROR    RFPContractMapPage:rfp_contract_map_page.py:343 点击继续议价按钮失败: Timeout 5000ms exceeded.
---------------------------- Captured log teardown ----------------------------
INFO     tests.operate.rfp_management.conftest:conftest.py:136 Test completed - page state will be reset for next test
----------------------------- Captured log setup ------------------------------
INFO     tests.operate.rfp_management.conftest:conftest.py:121 Resetting page to /home - ensuring consistent test state
INFO     tests.operate.rfp_management.conftest:conftest.py:128 Navigating to home page: https://testenv.fangcang.com/RFP/operate.html#/home
INFO     tests.operate.rfp_management.conftest:conftest.py:130 Page reset to /home - ready for test execution
------------------------------ Captured log call ------------------------------
INFO     tests.operate.rfp_management.test_rfp_contract_price_status:test_rfp_contract_price_status.py:159 Starting price status change test, case: price_009, project: 自动化测试项目-价格变换, 保持原价 → 议价中
INFO     RFPContractMapPage:rfp_contract_map_page.py:72 开始进入 /home 页面
INFO     RFPContractMapPage:base_page.py:24 Navigating to https://testenv.fangcang.com/RFP/operate.html#/home
INFO     RFPContractMapPage:rfp_contract_map_page.py:83 [OK] 已进入 /home 页面
INFO     RFPContractMapPage:rfp_contract_map_page.py:92 开始进入签约页面
INFO     RFPContractMapPage:rfp_contract_map_page.py:117 [OK] 已进入签约页面
INFO     RFPContractMapPage:rfp_contract_map_page.py:126 开始点击已启动 Tab
INFO     RFPContractMapPage:rfp_contract_map_page.py:138 [OK] 已点击已启动 Tab
INFO     RFPContractMapPage:rfp_contract_map_page.py:147 开始搜索项目: 自动化测试项目-价格变换
INFO     RFPContractMapPage:rfp_contract_map_page.py:172 [OK] 项目搜索完成: 自动化测试项目-价格变换
INFO     RFPContractMapPage:rfp_contract_map_page.py:181 开始点击首个去签约按钮
INFO     RFPContractMapPage:rfp_contract_map_page.py:193 [OK] 已点击去签约按钮
INFO     utils.excel_utils:excel_utils.py:59 签约状态导入文件已生成: D:\work_dev\RFP-NEW\rfp-ui-test\data\temp\RFP_import_signing_status_price_009.xlsx
INFO     RFPContractMapPage:rfp_contract_map_page.py:206 切换至列表签约
INFO     RFPContractMapPage:rfp_contract_map_page.py:216 [OK] 已切换至列表签约
INFO     RFPContractMapPage:rfp_contract_map_page.py:248 导入签约状态文件: D:\work_dev\RFP-NEW\rfp-ui-test\data\temp\RFP_import_signing_status_price_009.xlsx
INFO     RFPContractMapPage:rfp_contract_map_page.py:255 [OK] 签约状态文件已导入
INFO     RFPContractMapPage:rfp_contract_map_page.py:225 切换至地图签约
INFO     RFPContractMapPage:rfp_contract_map_page.py:235 [OK] 已切换至地图签约
INFO     RFPContractMapPage:rfp_contract_map_page.py:268 点击价格状态页签: 保持原价
INFO     RFPContractMapPage:rfp_contract_map_page.py:280 [OK] 已点击价格状态页签: 保持原价
INFO     RFPContractMapPage:rfp_contract_map_page.py:293 点击首个酒店
INFO     RFPContractMapPage:rfp_contract_map_page.py:303 [OK] 已点击首个酒店
INFO     RFPContractMapPage:rfp_contract_map_page.py:329 点击继续议价按钮
ERROR    RFPContractMapPage:rfp_contract_map_page.py:343 点击继续议价按钮失败: Timeout 5000ms exceeded.
---------------------------- Captured log teardown ----------------------------
INFO     tests.operate.rfp_management.conftest:conftest.py:136 Test completed - page state will be reset for next test
---------------------------- Captured log teardown ----------------------------
INFO     tests.operate.rfp_management.conftest:conftest.py:136 Test completed - page state will be reset for next test
---------------------------- Captured log teardown ----------------------------
INFO     tests.operate.rfp_management.conftest:conftest.py:136 Test completed - page state will be reset for next test
---------------------------- Captured log teardown ----------------------------
INFO     tests.operate.rfp_management.conftest:conftest.py:136 Test completed - page state will be reset for next test
_ TestRFPContractPriceStatus.test_RFP_contract_price_status_change[price_010] _
[gw0] win32 -- Python 3.12.0 D:\work_dev\RFP-NEW\rfp-ui-test\.venv\Scripts\python.exe
tests\operate\rfp_management\test_rfp_contract_price_status.py:212: in test_RFP_contract_price_status_change
    await map_page.click_action_by_type(action)
pages\operate\rfp_management\rfp_contract_map_page.py:402: in click_action_by_type
    await handler()
pages\operate\rfp_management\rfp_contract_map_page.py:357: in click_hotel_signed
    await btn.wait_for(timeout=timeout_config.get_element_timeout())
.venv\Lib\site-packages\playwright\async_api\_generated.py:18191: in wait_for
    await self._impl_obj.wait_for(timeout=timeout, state=state)
.venv\Lib\site-packages\playwright\_impl\_locator.py:670: in wait_for
    await self._frame.wait_for_selector(
.venv\Lib\site-packages\playwright\_impl\_frame.py:317: in wait_for_selector
    await self._channel.send("waitForSelector", locals_to_params(locals()))
.venv\Lib\site-packages\playwright\_impl\_connection.py:62: in send
    return await self._connection.wrap_api_call(
.venv\Lib\site-packages\playwright\_impl\_connection.py:492: in wrap_api_call
    return await cb()
.venv\Lib\site-packages\playwright\_impl\_connection.py:100: in inner_send
    result = next(iter(done)).result()
E   playwright._impl._errors.TimeoutError: Timeout 5000ms exceeded.
----------------------------- Captured log setup ------------------------------
INFO     tests.operate.rfp_management.conftest:conftest.py:121 Resetting page to /home - ensuring consistent test state
INFO     tests.operate.rfp_management.conftest:conftest.py:128 Navigating to home page: https://testenv.fangcang.com/RFP/operate.html#/home
INFO     tests.operate.rfp_management.conftest:conftest.py:130 Page reset to /home - ready for test execution
------------------------------ Captured log call ------------------------------
INFO     tests.operate.rfp_management.test_rfp_contract_price_status:test_rfp_contract_price_status.py:159 Starting price status change test, case: price_010, project: 自动化测试项目-价格变换, 保持原价 → 已中签
INFO     RFPContractMapPage:rfp_contract_map_page.py:72 开始进入 /home 页面
INFO     RFPContractMapPage:base_page.py:24 Navigating to https://testenv.fangcang.com/RFP/operate.html#/home
INFO     RFPContractMapPage:rfp_contract_map_page.py:83 [OK] 已进入 /home 页面
INFO     RFPContractMapPage:rfp_contract_map_page.py:92 开始进入签约页面
INFO     RFPContractMapPage:rfp_contract_map_page.py:117 [OK] 已进入签约页面
INFO     RFPContractMapPage:rfp_contract_map_page.py:126 开始点击已启动 Tab
INFO     RFPContractMapPage:rfp_contract_map_page.py:138 [OK] 已点击已启动 Tab
INFO     RFPContractMapPage:rfp_contract_map_page.py:147 开始搜索项目: 自动化测试项目-价格变换
INFO     RFPContractMapPage:rfp_contract_map_page.py:172 [OK] 项目搜索完成: 自动化测试项目-价格变换
INFO     RFPContractMapPage:rfp_contract_map_page.py:181 开始点击首个去签约按钮
INFO     RFPContractMapPage:rfp_contract_map_page.py:193 [OK] 已点击去签约按钮
INFO     utils.excel_utils:excel_utils.py:59 签约状态导入文件已生成: D:\work_dev\RFP-NEW\rfp-ui-test\data\temp\RFP_import_signing_status_price_010.xlsx
INFO     RFPContractMapPage:rfp_contract_map_page.py:206 切换至列表签约
INFO     RFPContractMapPage:rfp_contract_map_page.py:216 [OK] 已切换至列表签约
INFO     RFPContractMapPage:rfp_contract_map_page.py:248 导入签约状态文件: D:\work_dev\RFP-NEW\rfp-ui-test\data\temp\RFP_import_signing_status_price_010.xlsx
INFO     RFPContractMapPage:rfp_contract_map_page.py:255 [OK] 签约状态文件已导入
INFO     RFPContractMapPage:rfp_contract_map_page.py:225 切换至地图签约
INFO     RFPContractMapPage:rfp_contract_map_page.py:235 [OK] 已切换至地图签约
INFO     RFPContractMapPage:rfp_contract_map_page.py:268 点击价格状态页签: 保持原价
INFO     RFPContractMapPage:rfp_contract_map_page.py:280 [OK] 已点击价格状态页签: 保持原价
INFO     RFPContractMapPage:rfp_contract_map_page.py:293 点击首个酒店
INFO     RFPContractMapPage:rfp_contract_map_page.py:303 [OK] 已点击首个酒店
INFO     RFPContractMapPage:rfp_contract_map_page.py:349 点击中签按钮
ERROR    RFPContractMapPage:rfp_contract_map_page.py:363 点击中签按钮失败: Timeout 5000ms exceeded.
---------------------------- Captured log teardown ----------------------------
INFO     tests.operate.rfp_management.conftest:conftest.py:136 Test completed - page state will be reset for next test
----------------------------- Captured log setup ------------------------------
INFO     tests.operate.rfp_management.conftest:conftest.py:121 Resetting page to /home - ensuring consistent test state
INFO     tests.operate.rfp_management.conftest:conftest.py:128 Navigating to home page: https://testenv.fangcang.com/RFP/operate.html#/home
INFO     tests.operate.rfp_management.conftest:conftest.py:130 Page reset to /home - ready for test execution
------------------------------ Captured log call ------------------------------
INFO     tests.operate.rfp_management.test_rfp_contract_price_status:test_rfp_contract_price_status.py:159 Starting price status change test, case: price_010, project: 自动化测试项目-价格变换, 保持原价 → 已中签
INFO     RFPContractMapPage:rfp_contract_map_page.py:72 开始进入 /home 页面
INFO     RFPContractMapPage:base_page.py:24 Navigating to https://testenv.fangcang.com/RFP/operate.html#/home
INFO     RFPContractMapPage:rfp_contract_map_page.py:83 [OK] 已进入 /home 页面
INFO     RFPContractMapPage:rfp_contract_map_page.py:92 开始进入签约页面
INFO     RFPContractMapPage:rfp_contract_map_page.py:117 [OK] 已进入签约页面
INFO     RFPContractMapPage:rfp_contract_map_page.py:126 开始点击已启动 Tab
INFO     RFPContractMapPage:rfp_contract_map_page.py:138 [OK] 已点击已启动 Tab
INFO     RFPContractMapPage:rfp_contract_map_page.py:147 开始搜索项目: 自动化测试项目-价格变换
INFO     RFPContractMapPage:rfp_contract_map_page.py:172 [OK] 项目搜索完成: 自动化测试项目-价格变换
INFO     RFPContractMapPage:rfp_contract_map_page.py:181 开始点击首个去签约按钮
INFO     RFPContractMapPage:rfp_contract_map_page.py:193 [OK] 已点击去签约按钮
INFO     utils.excel_utils:excel_utils.py:59 签约状态导入文件已生成: D:\work_dev\RFP-NEW\rfp-ui-test\data\temp\RFP_import_signing_status_price_010.xlsx
INFO     RFPContractMapPage:rfp_contract_map_page.py:206 切换至列表签约
INFO     RFPContractMapPage:rfp_contract_map_page.py:216 [OK] 已切换至列表签约
INFO     RFPContractMapPage:rfp_contract_map_page.py:248 导入签约状态文件: D:\work_dev\RFP-NEW\rfp-ui-test\data\temp\RFP_import_signing_status_price_010.xlsx
INFO     RFPContractMapPage:rfp_contract_map_page.py:255 [OK] 签约状态文件已导入
INFO     RFPContractMapPage:rfp_contract_map_page.py:225 切换至地图签约
INFO     RFPContractMapPage:rfp_contract_map_page.py:235 [OK] 已切换至地图签约
INFO     RFPContractMapPage:rfp_contract_map_page.py:268 点击价格状态页签: 保持原价
INFO     RFPContractMapPage:rfp_contract_map_page.py:280 [OK] 已点击价格状态页签: 保持原价
INFO     RFPContractMapPage:rfp_contract_map_page.py:293 点击首个酒店
INFO     RFPContractMapPage:rfp_contract_map_page.py:303 [OK] 已点击首个酒店
INFO     RFPContractMapPage:rfp_contract_map_page.py:349 点击中签按钮
ERROR    RFPContractMapPage:rfp_contract_map_page.py:363 点击中签按钮失败: Timeout 5000ms exceeded.
---------------------------- Captured log teardown ----------------------------
INFO     tests.operate.rfp_management.conftest:conftest.py:136 Test completed - page state will be reset for next test
----------------------------- Captured log setup ------------------------------
INFO     tests.operate.rfp_management.conftest:conftest.py:121 Resetting page to /home - ensuring consistent test state
INFO     tests.operate.rfp_management.conftest:conftest.py:128 Navigating to home page: https://testenv.fangcang.com/RFP/operate.html#/home
INFO     tests.operate.rfp_management.conftest:conftest.py:130 Page reset to /home - ready for test execution
------------------------------ Captured log call ------------------------------
INFO     tests.operate.rfp_management.test_rfp_contract_price_status:test_rfp_contract_price_status.py:159 Starting price status change test, case: price_010, project: 自动化测试项目-价格变换, 保持原价 → 已中签
INFO     RFPContractMapPage:rfp_contract_map_page.py:72 开始进入 /home 页面
INFO     RFPContractMapPage:base_page.py:24 Navigating to https://testenv.fangcang.com/RFP/operate.html#/home
INFO     RFPContractMapPage:rfp_contract_map_page.py:83 [OK] 已进入 /home 页面
INFO     RFPContractMapPage:rfp_contract_map_page.py:92 开始进入签约页面
INFO     RFPContractMapPage:rfp_contract_map_page.py:117 [OK] 已进入签约页面
INFO     RFPContractMapPage:rfp_contract_map_page.py:126 开始点击已启动 Tab
INFO     RFPContractMapPage:rfp_contract_map_page.py:138 [OK] 已点击已启动 Tab
INFO     RFPContractMapPage:rfp_contract_map_page.py:147 开始搜索项目: 自动化测试项目-价格变换
INFO     RFPContractMapPage:rfp_contract_map_page.py:172 [OK] 项目搜索完成: 自动化测试项目-价格变换
INFO     RFPContractMapPage:rfp_contract_map_page.py:181 开始点击首个去签约按钮
INFO     RFPContractMapPage:rfp_contract_map_page.py:193 [OK] 已点击去签约按钮
INFO     utils.excel_utils:excel_utils.py:59 签约状态导入文件已生成: D:\work_dev\RFP-NEW\rfp-ui-test\data\temp\RFP_import_signing_status_price_010.xlsx
INFO     RFPContractMapPage:rfp_contract_map_page.py:206 切换至列表签约
INFO     RFPContractMapPage:rfp_contract_map_page.py:216 [OK] 已切换至列表签约
INFO     RFPContractMapPage:rfp_contract_map_page.py:248 导入签约状态文件: D:\work_dev\RFP-NEW\rfp-ui-test\data\temp\RFP_import_signing_status_price_010.xlsx
INFO     RFPContractMapPage:rfp_contract_map_page.py:255 [OK] 签约状态文件已导入
INFO     RFPContractMapPage:rfp_contract_map_page.py:225 切换至地图签约
INFO     RFPContractMapPage:rfp_contract_map_page.py:235 [OK] 已切换至地图签约
INFO     RFPContractMapPage:rfp_contract_map_page.py:268 点击价格状态页签: 保持原价
INFO     RFPContractMapPage:rfp_contract_map_page.py:280 [OK] 已点击价格状态页签: 保持原价
INFO     RFPContractMapPage:rfp_contract_map_page.py:293 点击首个酒店
INFO     RFPContractMapPage:rfp_contract_map_page.py:303 [OK] 已点击首个酒店
INFO     RFPContractMapPage:rfp_contract_map_page.py:349 点击中签按钮
ERROR    RFPContractMapPage:rfp_contract_map_page.py:363 点击中签按钮失败: Timeout 5000ms exceeded.
---------------------------- Captured log teardown ----------------------------
INFO     tests.operate.rfp_management.conftest:conftest.py:136 Test completed - page state will be reset for next test
----------------------------- Captured log setup ------------------------------
INFO     tests.operate.rfp_management.conftest:conftest.py:121 Resetting page to /home - ensuring consistent test state
INFO     tests.operate.rfp_management.conftest:conftest.py:128 Navigating to home page: https://testenv.fangcang.com/RFP/operate.html#/home
INFO     tests.operate.rfp_management.conftest:conftest.py:130 Page reset to /home - ready for test execution
------------------------------ Captured log call ------------------------------
INFO     tests.operate.rfp_management.test_rfp_contract_price_status:test_rfp_contract_price_status.py:159 Starting price status change test, case: price_010, project: 自动化测试项目-价格变换, 保持原价 → 已中签
INFO     RFPContractMapPage:rfp_contract_map_page.py:72 开始进入 /home 页面
INFO     RFPContractMapPage:base_page.py:24 Navigating to https://testenv.fangcang.com/RFP/operate.html#/home
INFO     RFPContractMapPage:rfp_contract_map_page.py:83 [OK] 已进入 /home 页面
INFO     RFPContractMapPage:rfp_contract_map_page.py:92 开始进入签约页面
INFO     RFPContractMapPage:rfp_contract_map_page.py:117 [OK] 已进入签约页面
INFO     RFPContractMapPage:rfp_contract_map_page.py:126 开始点击已启动 Tab
INFO     RFPContractMapPage:rfp_contract_map_page.py:138 [OK] 已点击已启动 Tab
INFO     RFPContractMapPage:rfp_contract_map_page.py:147 开始搜索项目: 自动化测试项目-价格变换
INFO     RFPContractMapPage:rfp_contract_map_page.py:172 [OK] 项目搜索完成: 自动化测试项目-价格变换
INFO     RFPContractMapPage:rfp_contract_map_page.py:181 开始点击首个去签约按钮
INFO     RFPContractMapPage:rfp_contract_map_page.py:193 [OK] 已点击去签约按钮
INFO     utils.excel_utils:excel_utils.py:59 签约状态导入文件已生成: D:\work_dev\RFP-NEW\rfp-ui-test\data\temp\RFP_import_signing_status_price_010.xlsx
INFO     RFPContractMapPage:rfp_contract_map_page.py:206 切换至列表签约
INFO     RFPContractMapPage:rfp_contract_map_page.py:216 [OK] 已切换至列表签约
INFO     RFPContractMapPage:rfp_contract_map_page.py:248 导入签约状态文件: D:\work_dev\RFP-NEW\rfp-ui-test\data\temp\RFP_import_signing_status_price_010.xlsx
INFO     RFPContractMapPage:rfp_contract_map_page.py:255 [OK] 签约状态文件已导入
INFO     RFPContractMapPage:rfp_contract_map_page.py:225 切换至地图签约
INFO     RFPContractMapPage:rfp_contract_map_page.py:235 [OK] 已切换至地图签约
INFO     RFPContractMapPage:rfp_contract_map_page.py:268 点击价格状态页签: 保持原价
INFO     RFPContractMapPage:rfp_contract_map_page.py:280 [OK] 已点击价格状态页签: 保持原价
INFO     RFPContractMapPage:rfp_contract_map_page.py:293 点击首个酒店
INFO     RFPContractMapPage:rfp_contract_map_page.py:303 [OK] 已点击首个酒店
INFO     RFPContractMapPage:rfp_contract_map_page.py:349 点击中签按钮
ERROR    RFPContractMapPage:rfp_contract_map_page.py:363 点击中签按钮失败: Timeout 5000ms exceeded.
---------------------------- Captured log teardown ----------------------------
INFO     tests.operate.rfp_management.conftest:conftest.py:136 Test completed - page state will be reset for next test
---------------------------- Captured log teardown ----------------------------
INFO     tests.operate.rfp_management.conftest:conftest.py:136 Test completed - page state will be reset for next test
---------------------------- Captured log teardown ----------------------------
INFO     tests.operate.rfp_management.conftest:conftest.py:136 Test completed - page state will be reset for next test
---------------------------- Captured log teardown ----------------------------
INFO     tests.operate.rfp_management.conftest:conftest.py:136 Test completed - page state will be reset for next test
=========================== short test summary info ===========================
FAILED tests/operate/rfp_management/test_rfp_contract_price_status.py::TestRFPContractPriceStatus::test_RFP_contract_price_status_change[price_001]@contract_price_status
FAILED tests/operate/rfp_management/test_rfp_detailPage_project.py::TestRFPDetailPagePriceStatus::test_priceDetail_price_status_change[detail_price_002]@detail_page_price_status
FAILED tests/operate/rfp_management/test_rfp_contract_price_status.py::TestRFPContractPriceStatus::test_RFP_contract_price_status_change[price_002]@contract_price_status
FAILED tests/operate/rfp_management/test_rfp_detailPage_project.py::TestRFPDetailPagePriceStatus::test_priceDetail_price_status_change[detail_price_004]@detail_page_price_status
FAILED tests/e2e/test_cross_end_price_status_flow.py::TestCrossEndPriceStatusFlow::test_cross_end_price_status_flow[e2e_price_001]
FAILED tests/operate/rfp_management/test_rfp_contract_list.py::TestRFPContractList::test_filter_by_org_name[case_data0]
FAILED tests/operate/rfp_management/test_rfp_contract_list.py::TestRFPContractList::test_filter_by_project_name[case_data0]
FAILED tests/operate/rfp_management/test_rfp_contract_price_status.py::TestRFPContractPriceStatus::test_RFP_contract_price_status_change[price_004]@contract_price_status
FAILED tests/operate/rfp_management/test_rfp_contract_list.py::TestRFPContractList::test_start_and_stop_project
FAILED tests/operate/rfp_management/test_rfp_detailPage_project.py::TestRFPDetailPagePriceStatus::test_priceDetail_price_status_change[detail_price_007]@detail_page_price_status
FAILED tests/operate/rfp_management/test_rfp_contract_list.py::TestRFPContractList::test_void_project
FAILED tests/operate/rfp_management/test_rfp_contract_list.py::TestRFPContractList::test_combined_filter[case_data0]
FAILED tests/operate/rfp_management/test_rfp_contract_price_status.py::TestRFPContractPriceStatus::test_RFP_contract_price_status_change[price_006]@contract_price_status
FAILED tests/operate/rfp_management/test_rfp_contract_list.py::TestRFPContractList::test_void_project_cancel[case_data0]
FAILED tests/operate/rfp_management/test_rfp_detailPage_project.py::TestRFPDetailPagePriceStatus::test_priceDetail_price_status_change[detail_price_010]@detail_page_price_status
FAILED tests/operate/rfp_management/test_rfp_contract_price_status.py::TestRFPContractPriceStatus::test_RFP_contract_price_status_change[price_007]@contract_price_status
FAILED tests/operate/rfp_management/test_rfp_contract_price_status.py::TestRFPContractPriceStatus::test_RFP_contract_price_status_change[price_009]@contract_price_status
FAILED tests/operate/rfp_management/test_rfp_contract_price_status.py::TestRFPContractPriceStatus::test_RFP_contract_price_status_change[price_010]@contract_price_status
============= 18 failed, 36 passed, 55 rerun in 428.57s (0:07:08) =============